-- MySQL dump 10.13  Distrib 8.0.19, for Win64 (x86_64)
--
-- Host: localhost    Database: swp391_bl5_g6
-- ------------------------------------------------------
-- Server version	8.0.19

/*!40101 SET @OLD_CHARACTER_SET_CLIENT=@@CHARACTER_SET_CLIENT */;
/*!40101 SET @OLD_CHARACTER_SET_RESULTS=@@CHARACTER_SET_RESULTS */;
/*!40101 SET @OLD_COLLATION_CONNECTION=@@COLLATION_CONNECTION */;
/*!50503 SET NAMES utf8 */;
/*!40103 SET @OLD_TIME_ZONE=@@TIME_ZONE */;
/*!40103 SET TIME_ZONE='+00:00' */;
/*!40014 SET @OLD_UNIQUE_CHECKS=@@UNIQUE_CHECKS, UNIQUE_CHECKS=0 */;
/*!40014 SET @OLD_FOREIGN_KEY_CHECKS=@@FOREIGN_KEY_CHECKS, FOREIGN_KEY_CHECKS=0 */;
/*!40101 SET @OLD_SQL_MODE=@@SQL_MODE, SQL_MODE='NO_AUTO_VALUE_ON_ZERO' */;
/*!40111 SET @OLD_SQL_NOTES=@@SQL_NOTES, SQL_NOTES=0 */;

--
-- Table structure for table `account`
--

DROP TABLE IF EXISTS `account`;
/*!40101 SET @saved_cs_client     = @@character_set_client */;
/*!50503 SET character_set_client = utf8mb4 */;
CREATE TABLE `account` (
  `accountID` int NOT NULL AUTO_INCREMENT,
  `userName` varchar(150) NOT NULL,
  `password` varchar(100) NOT NULL,
  `displayName` varchar(256) CHARACTER SET utf8 COLLATE utf8_general_ci DEFAULT NULL,
  `email` varchar(256) NOT NULL,
  `avatar` varchar(150) DEFAULT NULL,
  `isBlock` tinyint(1) NOT NULL,
  `status` int NOT NULL,
  `createDate` timestamp NOT NULL,
  `rid` int NOT NULL,
  PRIMARY KEY (`accountID`),
  UNIQUE KEY `userName` (`userName`),
  UNIQUE KEY `email` (`email`)
) ENGINE=InnoDB AUTO_INCREMENT=36 DEFAULT CHARSET=utf8mb4 COLLATE=utf8mb4_0900_ai_ci;
/*!40101 SET character_set_client = @saved_cs_client */;

--
-- Dumping data for table `account`
--

LOCK TABLES `account` WRITE;
/*!40000 ALTER TABLE `account` DISABLE KEYS */;
INSERT INTO `account` VALUES (1,'admin','E10ADC3949BA59ABBE56E057F20F883E','Nguyễn Huy Hiếu','admin@fpt.edu.vn','images/avatar/admin.png',0,1,'2023-04-10 13:54:45',6),(2,'student','E10ADC3949BA59ABBE56E057F20F883E','Nguyễn Kim Phương','student@gmail.com','images/avatar/student.png',0,1,'2023-04-10 13:54:45',2),(3,'student1','ECCBC87E4B5CE2FE28308FD9F2A7BAF3','Hiếu Student','student1@gmail.com','images/avatar/student.png',0,1,'2023-04-10 13:54:45',2),(4,'teacher','ECCBC87E4B5CE2FE28308FD9F2A7BAF3','Đỗ Đức Thắng','teacher@gmail.com','images/avatar/teacher.png',0,1,'2023-04-10 13:54:45',3),(7,'Syllabus Designer','ECCBC87E4B5CE2FE28308FD9F2A7BAF3','Syllabus Designer','designer@gmail.com','images/avatar/syllabusdesigner.png',0,1,'2023-04-10 13:54:45',4);
/*!40000 ALTER TABLE `account` ENABLE KEYS */;
UNLOCK TABLES;

--
-- Table structure for table `assessment`
--

DROP TABLE IF EXISTS `assessment`;
/*!40101 SET @saved_cs_client     = @@character_set_client */;
/*!50503 SET character_set_client = utf8mb4 */;
CREATE TABLE `assessment` (
  `assid` int NOT NULL AUTO_INCREMENT,
  `slbid` int NOT NULL,
  `category` varchar(255) NOT NULL,
  `type` varchar(150) CHARACTER SET utf8 COLLATE utf8_general_ci NOT NULL,
  `part` int NOT NULL,
  `weight` float NOT NULL,
  `completionCriteria` varchar(50) NOT NULL,
  `duration` varchar(3000) CHARACTER SET utf8 COLLATE utf8_general_ci NOT NULL,
  `questionType` varchar(3000) CHARACTER SET utf8 COLLATE utf8_general_ci NOT NULL,
  `noQuestion` varchar(3000) CHARACTER SET utf8 COLLATE utf8_general_ci NOT NULL,
  `knowledge_Skill` varchar(3000) CHARACTER SET utf8 COLLATE utf8_general_ci NOT NULL,
  `gradingGuide` varchar(3000) CHARACTER SET utf8 COLLATE utf8_general_ci NOT NULL,
  `note` varchar(3000) CHARACTER SET utf8 COLLATE utf8_general_ci DEFAULT NULL,
  `isAcitve` tinyint(1) NOT NULL,
  `accountId` int NOT NULL,
  PRIMARY KEY (`assid`),
  KEY `fk_Assessment_subject` (`slbid`),
  KEY `fk_Assessment_account` (`accountId`),
  CONSTRAINT `fk_Assessment_account` FOREIGN KEY (`accountId`) REFERENCES `account` (`accountID`),
  CONSTRAINT `fk_Assessment_subject` FOREIGN KEY (`slbid`) REFERENCES `syllabus` (`slbid`)
) ENGINE=InnoDB AUTO_INCREMENT=12 DEFAULT CHARSET=utf8mb4 COLLATE=utf8mb4_0900_ai_ci;
/*!40101 SET character_set_client = @saved_cs_client */;

--
-- Dumping data for table `assessment`
--

LOCK TABLES `assessment` WRITE;
/*!40000 ALTER TABLE `assessment` DISABLE KEYS */;
INSERT INTO `assessment` VALUES (1,2,'Assignment','on-going',2,0.3,'>0','Option 1: At home Option2: (For Constructivism Approach only): Follow lecturer\'s proposal','Option 1: Developing Assemly program Option 2 (For Constructivism Approach only): Follow lecturer\'s proposal','Option 1: 2 Option 2 (For Constructivism Approach only): Follow lecturer\'s proposal1: 2 Option 2: Follow lecturer\'s proposal','Basic programs','Teachers assess their works on their computers','30% of total progress mark',1,7),(2,2,'Exercises','on-going',4,0.3,'>0','Option 1: N/A Option2: (For Constructivism Approach only): Follow lecturer\'s proposal','Option 1: Writing Option 2 (For Constructivism Approach only): Follow lecturer\'s proposal','Option 1: Depends on chapters Option 2 (For Constructivism Approach only): Follow lecturer\'s proposal1: Depends on chapters; Option 2: Follow lecturer\'s proposalon chapters','Studied chapters; knowledge and skills','Students write answers to their notebook','30% of total progress mark',1,7),(3,2,'Final exam','final exam',1,0.4,'4','60\'','Multiple choice','50','All chapters; knowledge and skills of digital system;','by Exam board','40% of total progress mark',1,7),(4,3,'Group presentation','on-going',2,0.1,'>0','Option 1: 30\'/group Option 2 (For Constructivism Approach only): Follow lecturer\'s proposal','Option 1: .ppt and oral presentation Option 2 (For Constructivism Approach only): Follow lecturer\'s proposal','Option 1: N/A Option 2 (For Constructivism Approach only): Follow lecturer\'s proposal','one of the appendices.','each group selects one topic to present at slot 6 & slot 17 of syllabus; then prepares to present at slot 15 & slot 22','',1,7),(5,3,'Lab','on-going',2,0.2,'>0','Option 1: 60-90\'/each Option 2 (For Constructivism Approach only): Follow lecturer\'s proposal','Option 1: practical exercises Option 2 (For Constructivism Approach only): Follow lecturer\'s proposal','Option 1: N/A Option 2 (For Constructivism Approach only): Follow lecturer\'s proposal','technical aspect of studied topics','Guided by instructor<br>- Labs are arranged relevant to the chapter theory<br>- Student must finish labs and submit the results to the lecturer in class.','',1,7),(6,3,'Progress test','on-going',3,0.3,'>0','Option 1: 30\'/each Option 2 (For Constructivism Approach only): Follow lecturer\'s proposal','Option 1: MC or suitable format Option 2 (For Constructivism Approach only): Follow lecturer\'s proposal','Option 1: 30 Option 2 (For Constructivism Approach only): Follow lecturer\'s proposal','Test 1: Chaters 1, 2, 3, 4, 5 , 6 Test 2: Chapters 7, 8, 9, 10, 11, 12 Test 3: Chapters 13, 14, 16, 20','in class, by instructor','Instruction and schedules for Progress Tests must be presented in the Course Implementation Plan approved by director of the campus.<br>The test must be taken right after the last lectures of required material.<br>Instructor has responsibility to review the test for students after graded',1,7),(7,3,'Final exam','final exam',1,0.4,'4','60\'','Multiple choicesMarked by Computer','60','concepts, algorithms; all studied Chapters','by exam board, using computer','The exam questions must be updated or different at least 70% to the previous ones.',1,7),(8,4,'Assignments/Exercises','on-going',3,0.3,'>0','OP1: at home // OP2: (For Constructivism Approach only): Follow lecturer\'s proposal','OP1: Open // OP2: (For Constructivism Approach only): Follow lecturer\'s proposal','OP1: At least 3/chapter // OP2: (For Constructivism Approach only): Follow lecturer\'s proposal','Chapters introduced','OP1: guided by instructor in class, completed by students at home, submitted by deadline<br>OP2: (For Constructivism Approach only): Follow lecturer\'s proposal','Students use notebooks for exercises',1,7),(9,4,'Progress Test','on-going',3,0.3,'>0','OP1: Test 1: 40\'Test 2&3: 30\' // OP2: (For Constructivism Approach only): Follow lecturer\'s proposal','OP1: MC or a suitable format // OP2: (For Constructivism Approach only): Follow lecturer\'s proposal','OP1: Test 1: 20 Test 2&3: 15+ At least 5*n questions where n is the number of Chapters covered in the test.+ Structure:• level 1 (knowledge & comprehension): 20%; • level 2 (application & analysis): 60%; • level 3 (synthesis & evaluation): 20% // OP2: (For Constructivism Approach only): Follow lecturer\'s proposal','Chapters introduced','OP1: by instructor, and by suitable means (computer, paper, oral...)<br>OP2: (For Constructivism Approach only): Follow lecturer\'s proposal','Instruction and shedules for Progress tests must be presented in the Course Implementation Plan approved by director of the campus.<br>Progress test must be taken right after the last lectures of required material.<br>Instructor has resposibility to review the test for students after graded.',1,7),(10,4,'Final Exam','final exam',1,0.4,'4','60\'','Computer gradable','50<br>Structure:<br>• level 1: 10%<br>• level 2: 80%<br>• level 3: 10%','All studied chapters. Each studied Chapter contributes 2-8 questions, depending on the number of topics in the Chapter.','by Exam Board','~10% of questions is a2 objective oriented',1,7),(11,4,'Final Exam Resit','final exam',1,0.4,'4','60\'','Computer gradable','50<br>Structure:<br>• level 1: 10%<br>• level 2: 80%<br>• level 3: 10%','All studied chapters. Each studied Chapter contributes 2-8 questions, depending on the number of topics in the Chapter.','by Exam Board','~10% of questions is a2 objective oriented',1,7);
/*!40000 ALTER TABLE `assessment` ENABLE KEYS */;
UNLOCK TABLES;

--
-- Table structure for table `assessmentdetail`
--

DROP TABLE IF EXISTS `assessmentdetail`;
/*!40101 SET @saved_cs_client     = @@character_set_client */;
/*!50503 SET character_set_client = utf8mb4 */;
CREATE TABLE `assessmentdetail` (
  `assdeID` int NOT NULL AUTO_INCREMENT,
  `assID` int NOT NULL,
  `assessmentItem` varchar(255) CHARACTER SET utf8 COLLATE utf8_general_ci NOT NULL,
  `isMain` tinyint(1) NOT NULL,
  `weight` float NOT NULL,
  PRIMARY KEY (`assdeID`),
  KEY `fk_AssessmentDetail_assessment` (`assID`),
  CONSTRAINT `fk_AssessmentDetail_assessment` FOREIGN KEY (`assID`) REFERENCES `assessment` (`assid`)
) ENGINE=InnoDB DEFAULT CHARSET=utf8mb4 COLLATE=utf8mb4_0900_ai_ci;
/*!40101 SET character_set_client = @saved_cs_client */;

--
-- Dumping data for table `assessmentdetail`
--

LOCK TABLES `assessmentdetail` WRITE;
/*!40000 ALTER TABLE `assessmentdetail` DISABLE KEYS */;
/*!40000 ALTER TABLE `assessmentdetail` ENABLE KEYS */;
UNLOCK TABLES;

DROP TABLE IF EXISTS `codesendmail`;
/*!40101 SET @saved_cs_client     = @@character_set_client */;
/*!50503 SET character_set_client = utf8mb4 */;
CREATE TABLE `codesendmail` (
  `id` int NOT NULL AUTO_INCREMENT,
  `type` text NOT NULL,
  `code` text NOT NULL,
  `accountID` int NOT NULL,
  `createDate` datetime NOT NULL,
  PRIMARY KEY (`id`),
  KEY `fk_codeSednMail_Account` (`accountID`),
  CONSTRAINT `fk_codeSednMail_Account` FOREIGN KEY (`accountID`) REFERENCES `account` (`accountID`)
) ENGINE=InnoDB AUTO_INCREMENT=4 DEFAULT CHARSET=utf8mb4 COLLATE=utf8mb4_0900_ai_ci;
/*!40101 SET character_set_client = @saved_cs_client */;

--
-- Dumping data for table `codesendmail`
--

LOCK TABLES `codesendmail` WRITE;
/*!40000 ALTER TABLE `codesendmail` DISABLE KEYS */;
/*!40000 ALTER TABLE `codesendmail` ENABLE KEYS */;
UNLOCK TABLES;

--
-- Table structure for table `combo`
--

DROP TABLE IF EXISTS `combo`;
/*!40101 SET @saved_cs_client     = @@character_set_client */;
/*!50503 SET character_set_client = utf8mb4 */;
CREATE TABLE `combo` (
  `cid` int NOT NULL AUTO_INCREMENT,
  `tag` varchar(255) NOT NULL,
  `comboName_EN` varchar(255) DEFAULT NULL,
  `comboName_VI` varchar(255) CHARACTER SET utf8 COLLATE utf8_general_ci DEFAULT NULL,
  `note` varchar(3000) CHARACTER SET utf8 COLLATE utf8_general_ci DEFAULT NULL,
  `createDate` date DEFAULT NULL,
  `isActive` tinyint(1) NOT NULL,
  PRIMARY KEY (`cid`),
  UNIQUE KEY `tag` (`tag`)
) ENGINE=InnoDB AUTO_INCREMENT=10 DEFAULT CHARSET=utf8mb4 COLLATE=utf8mb4_0900_ai_ci;
/*!40101 SET character_set_client = @saved_cs_client */;

--
-- Dumping data for table `combo`
--

LOCK TABLES `combo` WRITE;
/*!40000 ALTER TABLE `combo` DISABLE KEYS */;
INSERT INTO `combo` VALUES (1,'PHE_COM1','','Vovinam BIT_GD_K16D,K17A','','2023-04-10',1),(2,'PHE_COM2','','Cờ vua BIT_SE_K15A','','2023-04-10',1),(3,'SE_COM3','Topic on .NET Programming','Chủ đề lập trình .NET BIT_SE_K15A','','2023-04-10',1),(4,'SE_COM5.2','Topic on Japanese Bridge Engineer','Chủ đề Kỹ sư cầu nối Nhật Bản (Định hướng Tiếng Nhật nâng cao cho kỹ sư CNTT) BIT_SE_K15A','','2023-04-10',1),(5,'SE_COM7','Topic on AI with Tensorflow','Chủ đề TTNT với Tensorflow BIT_SE_K15A','','2023-04-10',1),(6,'SE_COM6','Topic on Information Technology - Korean Language','Chủ đề Công nghệ thông tin - tiếng Hàn BIT_SE_K15C','','2023-04-10',1),(7,'SE_COM8','Topic on self-driving car','Chủ đề xe tự hành BIT_SE_K15C','','2023-04-10',1),(8,'SE_COM4','Topic on React/NodeJS','Chủ đề React/NodeJS BIT_SE_K15D, K16A','','2023-04-10',1),(9,'SE_COM5.1.1','Topic on Japanese Bridge Engineer','Chủ đề Kỹ sư cầu nối Nhật Bản (Định hướng Tiếng Nhật CNTT: Lựa chọn JFE301 và 1 trong 2 học phần JIS401, JIT401 để triển khai ở kỳ 8) BIT_SE_K15C','','2023-04-10',1);
/*!40000 ALTER TABLE `combo` ENABLE KEYS */;
UNLOCK TABLES;

--
-- Table structure for table `combo_subject`
--

DROP TABLE IF EXISTS `combo_subject`;
/*!40101 SET @saved_cs_client     = @@character_set_client */;
/*!50503 SET character_set_client = utf8mb4 */;
CREATE TABLE `combo_subject` (
  `subjectCode` varchar(255) NOT NULL,
  `cid` int NOT NULL,
  `semester` varchar(150) NOT NULL,
  PRIMARY KEY (`subjectCode`,`cid`),
  KEY `fk_Subject_Combo` (`cid`),
  CONSTRAINT `fk_Combo_Subject` FOREIGN KEY (`subjectCode`) REFERENCES `subject` (`subjectCode`),
  CONSTRAINT `fk_Subject_Combo` FOREIGN KEY (`cid`) REFERENCES `combo` (`cid`)
) ENGINE=InnoDB DEFAULT CHARSET=utf8mb4 COLLATE=utf8mb4_0900_ai_ci;
/*!40101 SET character_set_client = @saved_cs_client */;

--
-- Dumping data for table `combo_subject`
--

LOCK TABLES `combo_subject` WRITE;
/*!40000 ALTER TABLE `combo_subject` DISABLE KEYS */;
INSERT INTO `combo_subject` VALUES ('AIL302m',7,'7'),('AIT301',5,'8'),('COV111',2,'0'),('COV121',2,'1'),('COV131',2,'2'),('CPV301',7,'8'),('DMT301',5,'8'),('FER201m',8,'5'),('IMT301',5,'7'),('ISC301',8,'7'),('JPD133',4,'5'),('JPD316',4,'7'),('JPD326',4,'8'),('KOR311',6,'7'),('KOR321',6,'8'),('KOR411',6,'8'),('MLT301',5,'7'),('MMA301',8,'8'),('PRN211',3,'5'),('PRN221',3,'7'),('PRN231',3,'8'),('PRP201c',5,'5'),('PRP201c',7,'5'),('PRU211m',3,'7'),('PRU221m',3,'8'),('SDE301',7,'8'),('SDN301m',8,'7'),('VOV114',1,'0'),('VOV124',1,'1'),('VOV134',1,'2'),('WDP301',8,'8');
/*!40000 ALTER TABLE `combo_subject` ENABLE KEYS */;
UNLOCK TABLES;

--
-- Table structure for table `curriculum`
--

DROP TABLE IF EXISTS `curriculum`;
/*!40101 SET @saved_cs_client     = @@character_set_client */;
/*!50503 SET character_set_client = utf8mb4 */;
CREATE TABLE `curriculum` (
  `curid` int NOT NULL AUTO_INCREMENT,
  `curCode` varchar(255) CHARACTER SET utf8 COLLATE utf8_general_ci NOT NULL,
  `majorID` int NOT NULL,
  `decisionNo` varchar(150) CHARACTER SET utf8 COLLATE utf8_general_ci NOT NULL,
  `curName_EN` varchar(255) NOT NULL,
  `curName_VI` varchar(255) CHARACTER SET utf8 COLLATE utf8_general_ci NOT NULL,
  `description` varchar(3000) CHARACTER SET utf8 COLLATE utf8_general_ci NOT NULL,
  `isApproved` tinyint(1) NOT NULL,
  `isActive` tinyint(1) NOT NULL,
  `image` varchar(150) DEFAULT NULL,
  PRIMARY KEY (`curid`),
  UNIQUE KEY `curCode` (`curCode`),
  KEY `fk_Curriculum_Major` (`majorID`),
  KEY `fk_Curriculum_decision` (`decisionNo`),
  CONSTRAINT `fk_Curriculum_decision` FOREIGN KEY (`decisionNo`) REFERENCES `decision` (`decisionNo`),
  CONSTRAINT `fk_Curriculum_Major` FOREIGN KEY (`majorID`) REFERENCES `major` (`majorId`)
) ENGINE=InnoDB AUTO_INCREMENT=156 DEFAULT CHARSET=utf8mb4 COLLATE=utf8mb4_0900_ai_ci;
/*!40101 SET character_set_client = @saved_cs_client */;

--
-- Dumping data for table `curriculum`
--

LOCK TABLES `curriculum` WRITE;
/*!40000 ALTER TABLE `curriculum` DISABLE KEYS */;
INSERT INTO `curriculum` VALUES (1,'BIT_SE_K16B',1,'1095/QĐ-ĐHFPT','Bachelor Program of Information Technology, Software Engineering Major','Chương trình cử nhân ngành CNTT, chuyên ngành Kỹ thuật phần mềm','Training Information Technology (IT)/Software Engineering (SE) specialty engineers with personality and capacity to meet the needs of society, mastering professional knowledge and practice, being able to organize, implement and promote the creativity in jobs related to the trained specialty as well as pursue further education and research.<br>The training program aims to:<br>a) To equip students with fundamental knowledge of mathematics and the IT industry together with fundamental and specialized methodologies, technologies related to the trained specialty.<br>b) Train students the necessary virtues and skills in the professional working environment, know how to apply specialized knowledge of SE specialty into practical work.<br>c) Provide students with a strong foundation in foreign languages, science, culture and society, promoting their autonomy and creativity in study, work and life.',1,1,'images/course/sm-1.jpg'),(2,'BIT_SE_K16C',1,'1095/QĐ-ĐHFPT','Bachelor Program of Information Technology, Software Engineering Major','Chương trình cử nhân ngành CNTT, chuyên ngành Kỹ thuật phần mềm','Training Information Technology (IT)/Software Engineering (SE) specialty engineers with personality and capacity to meet the needs of society, mastering professional knowledge and practice, being able to organize, implement and promote the creativity in jobs related to the trained specialty as well as pursue further education and research.<br>The training program aims to:<br>a) To equip students with fundamental knowledge of mathematics and the IT industry together with fundamental and specialized methodologies, technologies related to the trained specialty.<br>b) Train students the necessary virtues and skills in the professional working environment, know how to apply specialized knowledge of SE specialty into practical work.<br>c) Provide students with a strong foundation in foreign languages, science, culture and society, promoting their autonomy and creativity in study, work and life.',1,1,'images/course/sm-2.jpg'),(3,'BBA_MC_K16B',2,'1095/QĐ-ĐHFPT','Bachelor Program of Business Administration, Multimedia Communication Major','Chương trình cử nhân ngành QTKD, chuyên ngành QTTTĐPT','1. Training Objectives General objectives: The program of Bachelor of Business Administration, Multimedia communication specialty aims to train bachelors with personality and capacity to meet the needs of society, mastering professional knowledge and pr...',1,1,''),(4,'BBA_MC_K16C',2,'1095/QĐ-ĐHFPT','Bachelor Program of Business Administration, Multimedia Communication Major','Chương trình cử nhân ngành QTKD, chuyên ngành QTTTĐPT','1. Training Objectives General objectives: The program of Bachelor of Business Administration, Multimedia communication specialty aims to train bachelors with personality and capacity to meet the needs of society, mastering professional knowledge and pr...',1,1,''),(5,'BEN_K16B',12,'1095/QĐ-ĐHFPT','Bachelor of English Studies','Chương trình cử nhân Ngôn ngữ Anh','1. General objective: The program of Bachelor of English Studies aims to train proficient bachelors with personality and capacity to meet the needs of society; be able to use English fluently at a minimum level equivalent to level 5 according to the 6-lev...',1,1,''),(6,'BEN_K16C',12,'1095/QĐ-ĐHFPT','Bachelor of English Studies','Chương trình cử nhân Ngôn ngữ Anh','1. General objective: The program of Bachelor of English Studies aims to train proficient bachelors with personality and capacity to meet the needs of society; be able to use English fluently at a minimum level equivalent to level 5 according to the 6-lev...',1,1,''),(7,'BBA_MKT_K16B',3,'1095/QĐ-ĐHFPT','Bachelor Program of Business Adminstration','CTĐT ngành QTKD, chuyên ngành Marketing','The objective of the Bachelor of Business Administration – Marketing program of FPT University is to train students into specialists in marketing management, managers, and entrepreneurs. Students will be equipped with all essential knowledge and skills to...',1,1,''),(8,'BIT_GD_K16B',4,'1095/QĐ-ĐHFPT','Bachelor Program of Information Technology, Digital Art & Design Major','Chương trình cử nhân ngành CNTT, chuyên ngành Thiết kế Mỹ thuật số','1. Training Objectives General objective: Training Bachelor of Information Technology, Digital Art & Design specialty with personality and capacity to meet the needs of society, mastering professional knowledge and practice, being able to organize, implem...',1,1,''),(9,'BBA_MKT_K16C',3,'1095/QĐ-ĐHFPT','Bachelor Program of Business Adminstration, Marketing Major','CTĐT ngành QTKD, chuyên ngành Marketing','The objective of the Bachelor of Business Administration – Marketing program of FPT University is to train students into specialists in marketing management, managers, and entrepreneurs. Students will be equipped with all essential knowledge and skills to...',1,1,''),(10,'BBA_FIN_K16B',5,'1095/QĐ-ĐHFPT','Bachelor Program of Business Adminstration, Finance Major','CTĐT ngành QTKD, chuyên ngành Tài chính','The objective of the Bachelor of Business Administration – Finance program of FPT University is to train students into specialists in financial management, managers, and entrepreneurs. Students will be equipped with all essential knowledge and skills to w...',1,1,''),(11,'BBA_FIN_K16C',5,'1095/QĐ-ĐHFPT','Bachelor Program of Business Adminstration, Finance Major','CTĐT ngành QTKD, chuyên ngành Tài chính','The objective of the Bachelor of Business Administration – Finance program of FPT University is to train students into specialists in financial management, managers, and entrepreneurs. Students will be equipped with all essential knowledge and skills to w...',1,1,''),(12,'BBA_IB_K16B',6,'1095/QĐ-ĐHFPT','Bachelor Program of Business Adminstration, International Business Major','CTĐT ngành QTKD, chuyên ngành Kinh doanh quốc tế','The objective of the Bachelor of Business Administration – International Business program of FPT University is to train students into specialists in international business, managers, and entrepreneurs. Students will be equipped with all essential knowledg...',1,1,''),(13,'BBA_IB_K16C',6,'1095/QĐ-ĐHFPT','Bachelor Program of Business Adminstration, International Business Major','CTĐT ngành QTKD, chuyên ngành Kinh doanh quốc tế','The objective of the Bachelor of Business Administration – International Business program of FPT University is to train students into specialists in international business, managers, and entrepreneurs. Students will be equipped with all essential knowledg...',1,1,''),(14,'BIT_GD_K16C',4,'1095/QĐ-ĐHFPT','Bachelor Program of Information Technology, Digital Art & Design Major','Chương trình cử nhân ngành CNTT, chuyên ngành Thiết kế Mỹ thuật số','1. Training Objectives General objective: Training Bachelor of Information Technology, Digital Art & Design specialty with personality and capacity to meet the needs of society, mastering professional knowledge and practice, being able to organize, implem...',1,1,''),(15,'BKR_K16C',12,'1095/QĐ-ĐHFPT','Bachelor Program of Korean studies','CTĐT Cử nhân Ngành Ngôn ngữ Hàn Quốc','1. Training Objectives 1.1 General objective: Training Bachelor of Korean Language with political qualities, professional ethics, having an understanding of Korean culture, master knowledge and language skills to apply fluently in a multilingual and multi...',1,1,''),(16,'BBA_TM_K16B',12,'1095/QĐ-ĐHFPT','Bachelor Program of Business Adminstration, Tourism and Travel Management Major','CTĐT ngành QTKD, chuyên ngành Quản trị Du lịch & Lữ hành','The objective of the Bachelor of Business Administration – Tourism and Travel Management program of FPT University is to train students into specialists in tourism and travel management, tour guides, tour managers and operators. Students will be equipped ...',1,1,''),(17,'BIT_IS_K16B',9,'1095/QĐ-ĐHFPT','Bachelor Program of Information Technology, Information System Major','Chương trình cử nhân ngành CNTT, chuyên ngành Hệ thống thông tin','1. Training Objectives 1.1 General objective: Training Information Technology (IT)/Information System (IS) specialty engineers with personality and capacity to meet the needs of society, mastering professional knowledge and practice, being able to organiz...',1,1,''),(18,'BIT_IS_K16C',9,'1095/QĐ-ĐHFPT','Bachelor Program of Information Technology, Information System Major','Chương trình cử nhân ngành CNTT, chuyên ngành Hệ thống thông tin','1. Training Objectives 1.1 General objective: Training Information Technology (IT)/Information System (IS) specialty engineers with personality and capacity to meet the needs of society, mastering professional knowledge and practice, being able to organiz...',1,1,''),(19,'BIT_AI_K16B',10,'1095/QĐ-ĐHFPT','Bachelor Program of Information Technology, Artificial Intelligence Major','Chương trình cử nhân ngành CNTT, chuyên ngành Trí tuệ nhân tạo','1. Training Objectives 1.1 General objective: Training Information Technology (IT)/Artificial Intelligence (AI) specialty engineers with personality and capacity to meet the needs of society, mastering professional knowledge and practice, being able to or...',1,1,''),(20,'BIT_AI_K16C',10,'1095/QĐ-ĐHFPT','Bachelor Program of Information Technology, Artificial Intelligence Major','Chương trình cử nhân ngành CNTT, chuyên ngành Trí tuệ nhân tạo','1. Training Objectives 1.1 General objective: Training Information Technology (IT)/Artificial Intelligence (AI) specialty engineers with personality and capacity to meet the needs of society, mastering professional knowledge and practice, being able to or...',1,1,''),(21,'BBA_HM_K16B',11,'1095/QĐ-ĐHFPT','Bachelor Program of Business Adminstration, Hotel Management Major','CTĐT ngành QTKD, chuyên ngành Quản trị Khách sạn','The objective of the Bachelor of Business Administration – Hotel management program of FPT University is to train students into specialists in international business, managers, and entrepreneurs. Students will be equipped with all essential knowledge and ...',1,1,''),(22,'BIT_IA_K16B',8,'1095/QĐ-ĐHFPT','Bachelor Program of Information Technology, Information Assurance','CTĐT ngành CNTT, chuyên ngành An Toàn Thông Tin','1. TRAINING OBJECTIVES 1.1. General objectives: Training Information Technology (IT)/ Information Assurance (IA) engineers with personality and capacity to meet the needs of society, mastering professional knowledge and practice, being able to organize,...',1,1,''),(23,'BIT_IoT_K16B',7,'1095/QĐ-ĐHFPT','Bachelor Program of Information Technology, Internet of Things','CTĐT ngành CNTT, chuyên ngành Internet Vạn Vật','1. TRAINING OBJECTIVES 1.1. General objectives: Training Information Technology (IT)/Internet of Things (IoT) engineers with personality and capacity to meet the needs of society, mastering professional knowledge and practice, being able to organize, im...',1,1,''),(24,'BIT_IoT_K16C',7,'1095/QĐ-ĐHFPT','Bachelor Program of Information Technology, Internet of Things','CTĐT ngành CNTT, chuyên ngành Internet Vạn Vật','1. TRAINING OBJECTIVES 1.1. General objectives: Training Information Technology (IT)/Internet of Things (IoT) engineers with personality and capacity to meet the needs of society, mastering professional knowledge and practice, being able to organize, im...',1,1,''),(25,'BBA_TM_K16C',12,'1095/QĐ-ĐHFPT','Bachelor Program of Business Adminstration, Tourism and Travel Management Major','CTĐT ngành QTKD, chuyên ngành Quản trị Du lịch & Lữ hành','The objective of the Bachelor of Business Administration – Tourism and Travel Management program of FPT University is to train students into specialists in tourism and travel management, tour guides, tour managers and operators. Students will be equipped ...',1,1,''),(26,'BBA_HM_K16C',11,'1095/QĐ-ĐHFPT','Bachelor Program of Business Adminstration, Hotel Management Major','CTĐT ngành QTKD, chuyên ngành Quản trị Khách sạn','The objective of the Bachelor of Business Administration – Hotel management program of FPT University is to train students into specialists in international business, managers, and entrepreneurs. Students will be equipped with all essential knowledge and ...',1,1,''),(27,'BBA_HM_K16D,K17A',11,'1095/QĐ-ĐHFPT','Bachelor Program of Business Adminstration, Hotel Management Major','CTĐT ngành QTKD, chuyên ngành Quản trị Khách sạn','The objective of the Bachelor of Business Administration – Hotel management program of FPT University is to train students into specialists in international business, managers, and entrepreneurs. Students will be equipped with all essential knowledge and ...',1,1,'');
/*!40000 ALTER TABLE `curriculum` ENABLE KEYS */;
UNLOCK TABLES;

--
-- Table structure for table `curriculum_combo`
--

DROP TABLE IF EXISTS `curriculum_combo`;
/*!40101 SET @saved_cs_client     = @@character_set_client */;
/*!50503 SET character_set_client = utf8mb4 */;
CREATE TABLE `curriculum_combo` (
  `curid` int NOT NULL,
  `cid` int NOT NULL,
  PRIMARY KEY (`cid`,`curid`),
  KEY `fk_Combo_Curriculum` (`curid`),
  CONSTRAINT `fk_Combo_Curriculum` FOREIGN KEY (`curid`) REFERENCES `curriculum` (`curid`),
  CONSTRAINT `fk_Curriculum_Combo` FOREIGN KEY (`cid`) REFERENCES `combo` (`cid`)
) ENGINE=InnoDB DEFAULT CHARSET=utf8mb4 COLLATE=utf8mb4_0900_ai_ci;
/*!40101 SET character_set_client = @saved_cs_client */;

--
-- Dumping data for table `curriculum_combo`
--

LOCK TABLES `curriculum_combo` WRITE;
/*!40000 ALTER TABLE `curriculum_combo` DISABLE KEYS */;
INSERT INTO `curriculum_combo` VALUES (2,1),(2,2),(2,3),(2,4),(2,5),(2,6),(2,7),(2,8),(2,9);
/*!40000 ALTER TABLE `curriculum_combo` ENABLE KEYS */;
UNLOCK TABLES;

--
-- Table structure for table `curriculum_elective`
--

DROP TABLE IF EXISTS `curriculum_elective`;
/*!40101 SET @saved_cs_client     = @@character_set_client */;
/*!50503 SET character_set_client = utf8mb4 */;
CREATE TABLE `curriculum_elective` (
  `curid` int NOT NULL,
  `eid` int NOT NULL,
  PRIMARY KEY (`eid`,`curid`),
  KEY `fk_Elective_Curriculum` (`curid`),
  CONSTRAINT `fk_Curriculum_Elective` FOREIGN KEY (`eid`) REFERENCES `elective` (`eid`),
  CONSTRAINT `fk_Elective_Curriculum` FOREIGN KEY (`curid`) REFERENCES `curriculum` (`curid`)
) ENGINE=InnoDB DEFAULT CHARSET=utf8mb4 COLLATE=utf8mb4_0900_ai_ci;
/*!40101 SET character_set_client = @saved_cs_client */;

--
-- Dumping data for table `curriculum_elective`
--

LOCK TABLES `curriculum_elective` WRITE;
/*!40000 ALTER TABLE `curriculum_elective` DISABLE KEYS */;
INSERT INTO `curriculum_elective` VALUES (2,1),(2,2),(2,3);
/*!40000 ALTER TABLE `curriculum_elective` ENABLE KEYS */;
UNLOCK TABLES;

--
-- Table structure for table `curriculum_job`
--

DROP TABLE IF EXISTS `curriculum_job`;
/*!40101 SET @saved_cs_client     = @@character_set_client */;
/*!50503 SET character_set_client = utf8mb4 */;
CREATE TABLE `curriculum_job` (
  `curid` int NOT NULL,
  `jid` int NOT NULL,
  PRIMARY KEY (`curid`,`jid`),
  KEY `fk_Job_curriculum` (`jid`),
  CONSTRAINT `fk_curriculum_Job` FOREIGN KEY (`curid`) REFERENCES `curriculum` (`curid`),
  CONSTRAINT `fk_Job_curriculum` FOREIGN KEY (`jid`) REFERENCES `job` (`jid`)
) ENGINE=InnoDB DEFAULT CHARSET=utf8mb4 COLLATE=utf8mb4_0900_ai_ci;
/*!40101 SET character_set_client = @saved_cs_client */;

--
-- Dumping data for table `curriculum_job`
--

LOCK TABLES `curriculum_job` WRITE;
/*!40000 ALTER TABLE `curriculum_job` DISABLE KEYS */;
/*!40000 ALTER TABLE `curriculum_job` ENABLE KEYS */;
UNLOCK TABLES;

--
-- Table structure for table `curriculum_subject`
--

DROP TABLE IF EXISTS `curriculum_subject`;
/*!40101 SET @saved_cs_client     = @@character_set_client */;
/*!50503 SET character_set_client = utf8mb4 */;
CREATE TABLE `curriculum_subject` (
  `curid` int NOT NULL,
  `subjectCode` varchar(255) NOT NULL,
  PRIMARY KEY (`curid`,`subjectCode`),
  KEY `fk_Curriculum_Subject` (`subjectCode`),
  CONSTRAINT `fk_Curriculum_Subject` FOREIGN KEY (`subjectCode`) REFERENCES `subject` (`subjectCode`),
  CONSTRAINT `fk_Subject_Curriculum` FOREIGN KEY (`curid`) REFERENCES `curriculum` (`curid`)
) ENGINE=InnoDB DEFAULT CHARSET=utf8mb4 COLLATE=utf8mb4_0900_ai_ci;
/*!40101 SET character_set_client = @saved_cs_client */;

--
-- Dumping data for table `curriculum_subject`
--

LOCK TABLES `curriculum_subject` WRITE;
/*!40000 ALTER TABLE `curriculum_subject` DISABLE KEYS */;
INSERT INTO `curriculum_subject` VALUES (1,'CEA201'),(2,'CEA201'),(45,'CEA201'),(46,'CEA201'),(57,'CEA201'),(58,'CEA201'),(59,'CEA201'),(60,'CEA201'),(68,'CEA201'),(69,'CEA201'),(109,'CEA201'),(1,'CSD201'),(2,'CSD201'),(45,'CSD201'),(46,'CSD201'),(57,'CSD201'),(58,'CSD201'),(59,'CSD201'),(60,'CSD201'),(68,'CSD201'),(69,'CSD201'),(109,'CSD201'),(1,'CSI104'),(2,'CSI104'),(45,'CSI104'),(46,'CSI104'),(57,'CSI104'),(58,'CSI104'),(59,'CSI104'),(60,'CSI104'),(68,'CSI104'),(69,'CSI104'),(109,'CSI104'),(1,'DBI202'),(2,'DBI202'),(45,'DBI202'),(46,'DBI202'),(57,'DBI202'),(58,'DBI202'),(59,'DBI202'),(60,'DBI202'),(68,'DBI202'),(69,'DBI202'),(109,'DBI202'),(1,'ENW492c'),(2,'ENW492c'),(45,'ENW492c'),(46,'ENW492c'),(57,'ENW492c'),(58,'ENW492c'),(59,'ENW492c'),(60,'ENW492c'),(68,'ENW492c'),(69,'ENW492c'),(109,'ENW492c'),(1,'EXE_ELE'),(2,'EXE_ELE'),(45,'EXE_ELE'),(46,'EXE_ELE'),(57,'EXE_ELE'),(58,'EXE_ELE'),(59,'EXE_ELE'),(60,'EXE_ELE'),(68,'EXE_ELE'),(69,'EXE_ELE'),(109,'EXE_ELE'),(1,'HCM202'),(2,'HCM202'),(45,'HCM202'),(46,'HCM202'),(57,'HCM202'),(58,'HCM202'),(59,'HCM202'),(60,'HCM202'),(68,'HCM202'),(69,'HCM202'),(109,'HCM202'),(1,'IOT102'),(2,'IOT102'),(45,'IOT102'),(46,'IOT102'),(57,'IOT102'),(58,'IOT102'),(59,'IOT102'),(60,'IOT102'),(68,'IOT102'),(69,'IOT102'),(109,'IOT102'),(1,'ITE302c'),(2,'ITE302c'),(45,'ITE302c'),(46,'ITE302c'),(57,'ITE302c'),(58,'ITE302c'),(59,'ITE302c'),(60,'ITE302c'),(68,'ITE302c'),(69,'ITE302c'),(109,'ITE302c'),(1,'JPD113'),(2,'JPD113'),(45,'JPD113'),(46,'JPD113'),(57,'JPD113'),(58,'JPD113'),(59,'JPD113'),(60,'JPD113'),(68,'JPD113'),(69,'JPD113'),(109,'JPD113'),(1,'JPD123'),(2,'JPD123'),(45,'JPD123'),(46,'JPD123'),(57,'JPD123'),(58,'JPD123'),(59,'JPD123'),(60,'JPD123'),(68,'JPD123'),(69,'JPD123'),(109,'JPD123'),(1,'LAB211'),(2,'LAB211'),(45,'LAB211'),(46,'LAB211'),(57,'LAB211'),(58,'LAB211'),(59,'LAB211'),(60,'LAB211'),(68,'LAB211'),(69,'LAB211'),(109,'LAB211'),(1,'MAD101'),(2,'MAD101'),(45,'MAD101'),(46,'MAD101'),(57,'MAD101'),(58,'MAD101'),(59,'MAD101'),(60,'MAD101'),(68,'MAD101'),(69,'MAD101'),(109,'MAD101'),(1,'MAE101'),(2,'MAE101'),(45,'MAE101'),(46,'MAE101'),(57,'MAE101'),(58,'MAE101'),(59,'MAE101'),(60,'MAE101'),(68,'MAE101'),(69,'MAE101'),(109,'MAE101'),(1,'MAS291'),(2,'MAS291'),(45,'MAS291'),(46,'MAS291'),(57,'MAS291'),(58,'MAS291'),(59,'MAS291'),(60,'MAS291'),(68,'MAS291'),(69,'MAS291'),(109,'MAS291'),(1,'MLN111'),(2,'MLN111'),(45,'MLN111'),(46,'MLN111'),(57,'MLN111'),(58,'MLN111'),(59,'MLN111'),(60,'MLN111'),(68,'MLN111'),(69,'MLN111'),(109,'MLN111'),(1,'MLN122'),(2,'MLN122'),(45,'MLN122'),(46,'MLN122'),(57,'MLN122'),(58,'MLN122'),(59,'MLN122'),(60,'MLN122'),(68,'MLN122'),(69,'MLN122'),(109,'MLN122'),(1,'MLN131'),(2,'MLN131'),(45,'MLN131'),(46,'MLN131'),(57,'MLN131'),(58,'MLN131'),(59,'MLN131'),(60,'MLN131'),(68,'MLN131'),(69,'MLN131'),(109,'MLN131'),(1,'NWC203c'),(2,'NWC203c'),(45,'NWC203c'),(46,'NWC203c'),(57,'NWC203c'),(58,'NWC203c'),(59,'NWC203c'),(60,'NWC203c'),(68,'NWC203c'),(69,'NWC203c'),(109,'NWC203c'),(1,'OJT202'),(2,'OJT202'),(45,'OJT202'),(46,'OJT202'),(57,'OJT202'),(58,'OJT202'),(59,'OJT202'),(60,'OJT202'),(68,'OJT202'),(69,'OJT202'),(109,'OJT202'),(1,'OSG202'),(2,'OSG202'),(45,'OSG202'),(46,'OSG202'),(57,'OSG202'),(58,'OSG202'),(59,'OSG202'),(60,'OSG202'),(68,'OSG202'),(69,'OSG202'),(109,'OSG202'),(1,'OTP101'),(2,'OTP101'),(45,'OTP101'),(46,'OTP101'),(57,'OTP101'),(58,'OTP101'),(59,'OTP101'),(60,'OTP101'),(68,'OTP101'),(69,'OTP101'),(109,'OTP101'),(1,'PEN'),(2,'PEN'),(45,'PEN'),(46,'PEN'),(57,'PEN'),(58,'PEN'),(59,'PEN'),(60,'PEN'),(68,'PEN'),(69,'PEN'),(109,'PEN'),(1,'PHE_COM*1'),(2,'PHE_COM*1'),(45,'PHE_COM*1'),(46,'PHE_COM*1'),(57,'PHE_COM*1'),(58,'PHE_COM*1'),(59,'PHE_COM*1'),(60,'PHE_COM*1'),(68,'PHE_COM*1'),(69,'PHE_COM*1'),(109,'PHE_COM*1'),(1,'PHE_COM*2'),(2,'PHE_COM*2'),(45,'PHE_COM*2'),(46,'PHE_COM*2'),(57,'PHE_COM*2'),(58,'PHE_COM*2'),(59,'PHE_COM*2'),(60,'PHE_COM*2'),(68,'PHE_COM*2'),(69,'PHE_COM*2'),(109,'PHE_COM*2'),(1,'PHE_COM*3'),(2,'PHE_COM*3'),(45,'PHE_COM*3'),(46,'PHE_COM*3'),(57,'PHE_COM*3'),(58,'PHE_COM*3'),(59,'PHE_COM*3'),(60,'PHE_COM*3'),(68,'PHE_COM*3'),(69,'PHE_COM*3'),(109,'PHE_COM*3'),(1,'PMG202c'),(2,'PMG202c'),(45,'PMG202c'),(46,'PMG202c'),(57,'PMG202c'),(58,'PMG202c'),(59,'PMG202c'),(60,'PMG202c'),(68,'PMG202c'),(69,'PMG202c'),(109,'PMG202c'),(1,'PRF192'),(2,'PRF192'),(45,'PRF192'),(46,'PRF192'),(57,'PRF192'),(58,'PRF192'),(59,'PRF192'),(60,'PRF192'),(68,'PRF192'),(69,'PRF192'),(109,'PRF192'),(1,'PRJ301'),(2,'PRJ301'),(45,'PRJ301'),(46,'PRJ301'),(57,'PRJ301'),(58,'PRJ301'),(59,'PRJ301'),(60,'PRJ301'),(68,'PRJ301'),(69,'PRJ301'),(109,'PRJ301'),(1,'PRM392'),(2,'PRM392'),(45,'PRM392'),(46,'PRM392'),(57,'PRM392'),(58,'PRM392'),(59,'PRM392'),(60,'PRM392'),(68,'PRM392'),(69,'PRM392'),(109,'PRM392'),(1,'PRO192'),(2,'PRO192'),(45,'PRO192'),(46,'PRO192'),(57,'PRO192'),(58,'PRO192'),(59,'PRO192'),(60,'PRO192'),(68,'PRO192'),(69,'PRO192'),(109,'PRO192'),(1,'SE_COM*1'),(2,'SE_COM*1'),(45,'SE_COM*1'),(46,'SE_COM*1'),(57,'SE_COM*1'),(58,'SE_COM*1'),(59,'SE_COM*1'),(60,'SE_COM*1'),(68,'SE_COM*1'),(69,'SE_COM*1'),(109,'SE_COM*1'),(1,'SE_COM*2'),(2,'SE_COM*2'),(45,'SE_COM*2'),(46,'SE_COM*2'),(57,'SE_COM*2'),(58,'SE_COM*2'),(59,'SE_COM*2'),(60,'SE_COM*2'),(68,'SE_COM*2'),(69,'SE_COM*2'),(109,'SE_COM*2'),(1,'SE_COM*3'),(2,'SE_COM*3'),(45,'SE_COM*3'),(46,'SE_COM*3'),(57,'SE_COM*3'),(58,'SE_COM*3'),(59,'SE_COM*3'),(60,'SE_COM*3'),(68,'SE_COM*3'),(69,'SE_COM*3'),(109,'SE_COM*3'),(1,'SE_EXE_ELE'),(2,'SE_EXE_ELE'),(45,'SE_EXE_ELE'),(46,'SE_EXE_ELE'),(57,'SE_EXE_ELE'),(58,'SE_EXE_ELE'),(59,'SE_EXE_ELE'),(60,'SE_EXE_ELE'),(68,'SE_EXE_ELE'),(69,'SE_EXE_ELE'),(109,'SE_EXE_ELE'),(1,'SEP490'),(2,'SEP490'),(45,'SEP490'),(46,'SEP490'),(57,'SEP490'),(58,'SEP490'),(59,'SEP490'),(60,'SEP490'),(68,'SEP490'),(69,'SEP490'),(109,'SEP490'),(1,'SSG104'),(2,'SSG104'),(45,'SSG104'),(46,'SSG104'),(57,'SSG104'),(58,'SSG104'),(59,'SSG104'),(60,'SSG104'),(68,'SSG104'),(69,'SSG104'),(109,'SSG104'),(1,'SSL101c'),(2,'SSL101c'),(45,'SSL101c'),(46,'SSL101c'),(57,'SSL101c'),(58,'SSL101c'),(59,'SSL101c'),(60,'SSL101c'),(68,'SSL101c'),(69,'SSL101c'),(109,'SSL101c'),(1,'SWD392'),(2,'SWD392'),(45,'SWD392'),(46,'SWD392'),(57,'SWD392'),(58,'SWD392'),(59,'SWD392'),(60,'SWD392'),(68,'SWD392'),(69,'SWD392'),(109,'SWD392'),(1,'SWE201c'),(2,'SWE201c'),(45,'SWE201c'),(46,'SWE201c'),(57,'SWE201c'),(58,'SWE201c'),(59,'SWE201c'),(60,'SWE201c'),(68,'SWE201c'),(69,'SWE201c'),(109,'SWE201c'),(1,'SWP391'),(2,'SWP391'),(45,'SWP391'),(46,'SWP391'),(57,'SWP391'),(58,'SWP391'),(59,'SWP391'),(60,'SWP391'),(68,'SWP391'),(69,'SWP391'),(109,'SWP391'),(1,'SWR302'),(2,'SWR302'),(45,'SWR302'),(46,'SWR302'),(57,'SWR302'),(58,'SWR302'),(59,'SWR302'),(60,'SWR302'),(68,'SWR302'),(69,'SWR302'),(109,'SWR302'),(1,'SWT301'),(2,'SWT301'),(45,'SWT301'),(46,'SWT301'),(57,'SWT301'),(58,'SWT301'),(59,'SWT301'),(60,'SWT301'),(68,'SWT301'),(69,'SWT301'),(109,'SWT301'),(1,'TMI_ELE'),(2,'TMI_ELE'),(45,'TMI_ELE'),(46,'TMI_ELE'),(57,'TMI_ELE'),(58,'TMI_ELE'),(59,'TMI_ELE'),(60,'TMI_ELE'),(68,'TMI_ELE'),(69,'TMI_ELE'),(109,'TMI_ELE'),(1,'VNR202'),(2,'VNR202'),(45,'VNR202'),(46,'VNR202'),(57,'VNR202'),(58,'VNR202'),(59,'VNR202'),(60,'VNR202'),(68,'VNR202'),(69,'VNR202'),(109,'VNR202'),(1,'WDU203c'),(2,'WDU203c'),(45,'WDU203c'),(46,'WDU203c'),(57,'WDU203c'),(58,'WDU203c'),(59,'WDU203c'),(60,'WDU203c'),(68,'WDU203c'),(69,'WDU203c'),(109,'WDU203c'),(1,'WED201c'),(2,'WED201c'),(45,'WED201c'),(46,'WED201c'),(57,'WED201c'),(58,'WED201c'),(59,'WED201c'),(60,'WED201c'),(68,'WED201c'),(69,'WED201c'),(109,'WED201c');
/*!40000 ALTER TABLE `curriculum_subject` ENABLE KEYS */;
UNLOCK TABLES;

--
-- Table structure for table `decision`
--

DROP TABLE IF EXISTS `decision`;
/*!40101 SET @saved_cs_client     = @@character_set_client */;
/*!50503 SET character_set_client = utf8mb4 */;
CREATE TABLE `decision` (
  `decisionNo` varchar(150) CHARACTER SET utf8 COLLATE utf8_general_ci NOT NULL,
  `decisionName` varchar(256) CHARACTER SET utf8 COLLATE utf8_general_ci NOT NULL,
  `approveDate` date NOT NULL,
  `note` varchar(150) CHARACTER SET utf8 COLLATE utf8_general_ci NOT NULL,
  `createDate` date NOT NULL,
  `isActive` tinyint(1) NOT NULL,
  `fileName` varchar(250) DEFAULT NULL,
  PRIMARY KEY (`decisionNo`)
) ENGINE=InnoDB DEFAULT CHARSET=utf8mb4 COLLATE=utf8mb4_0900_ai_ci;
/*!40101 SET character_set_client = @saved_cs_client */;

--
-- Dumping data for table `decision`
--

LOCK TABLES `decision` WRITE;
/*!40000 ALTER TABLE `decision` DISABLE KEYS */;
INSERT INTO `decision` VALUES ('05/QĐ-ĐHFPT','05/QĐ-ĐHFPT','2020-01-03','Bổ sung theo flm','2021-11-13',1,''),('1009/QĐ-ĐHFPT','QĐ 1009/QĐ-ĐHFPT Ban hành bổ sung, điều chỉnh đề cương chi tiết hệ đại học chính quy triển khai trong Học kỳ Fall 2021','2021-09-01','1 SU21','2021-11-13',1,''),('1039/QĐ-ĐHFPT','Chương trình TACB-k15','2019-08-09','Ban hành lại, thêm TRS401, level 4 trong TACB 24/10/2019 QĐ_FA19','2021-11-13',1,''),('1042/QĐ-ĐHFPT','1042/QĐ-ĐHFPT','2019-08-10','Bổ sung theo flm','2021-11-13',1,''),('1076/QĐ-ĐHFPT','Ban hành điều chỉnh CTĐT','2022-11-24','','2022-11-24',1,''),('1095/QĐ-ĐHFPT','QĐ Về việc bổ sung các học phần Trải nghiệm khởi nghiệp vào Chương trình đào tạo đại học hệ chính quy','2022-11-28','','2022-12-02',1,''),('1145/QĐ-ĐHFPT','1145/QĐ-ĐHFPT','2016-12-30','Bổ sung theo flm','2021-11-13',1,''),('1189/QĐ-ĐHFPT','Ban hành đề cương chi tiết học kì Spring 2023','2022-12-22','','2022-12-22',1,''),('1341/QĐ-ĐHFPT','1341/QĐ-ĐHFPT','2021-11-22','','2021-12-13',1,''),('1485/QĐ-ĐH-FPT','Ban hành bổ sung, điều chỉnh đề cương chi tiết hệ đại học chính quy triển khai trong Học kỳ Spring 2022','2021-12-31','','2021-12-31',1,''),('199/QĐ-ĐHFPT','Phê duyệt Điều chỉnh chương trình đào tạo đại học hệ chính quy ngành Quản trị Kinh doanh, chuyên ngành Quản trị truyền thông đa phương tiện từ Khóa 15A','2022-03-08','','2022-03-17',1,''),('200/QĐ-ĐHFPT','Phê duyệt Điều chỉnh chương trình đào tạo đại học hệ chính quy ngành Quản trị Kinh doanh từ K15 (Chuyên ngành Tài chính, Marketing, Kinh doanh quốc tế, Quản trị khách sạn, Quản trị du lịch và lữ hành)','2022-03-08','','2022-03-17',1,''),('201/QĐ-ĐHFPT','Phê duyệt điều chỉnh chương trình đào tạo đại học hệ chính quy ngành Công nghệ thông tin các khóa sinh viên từ K15A (Chuyên ngành Kỹ thuật phần mềm, Hệ thống thông tin, An toàn thông tin, Internet vạn vật) và các khóa sinh viên từ K15A ...','2022-03-08','','2022-03-17',1,''),('295/QĐ-ĐHFPT','295/QĐ-ĐHFPT','2022-07-04','Add by import excel','2022-04-06',1,''),('333/QĐ-ĐHFPT','333/QĐ-ĐHFPT','2017-04-20','Bổ sung theo flm','2021-11-13',1,''),('336/QĐ-ĐHFPT','Ban hành điều chỉnh CTĐT kì Spring 2022','2022-04-27','','2022-04-27',1,''),('669/QĐ-ĐH-FPT','Quyết định điều chỉnh CTĐT từ kì Fall 2022','2022-05-08','','2022-08-15',1,''),('670/QĐ-ĐHFPT','Ban hành đề cương chi tiết học kì Fall 2022','2022-08-05','','2022-08-05',1,''),('796/QĐ-ĐHFPT','QĐ 796/QĐ-ĐHFPT Ban hành đề cương thực tập (OJT) của các ngành đào tạo hệ đại học chính quy và phiếu đánh giá sinh viên kỳ OJT của Đại học FPT triển khai từ Khóa 15 học kỳ Fall 2021','2021-07-21','1 SU21','2021-11-13',1,''),('889/QĐ-ĐHFPT','QĐ 889/QĐ-ĐHFPT Ban hành bổ sung, điều chỉnh một số đề cương chi tiết hệ đại học chính quy triển khai trong học kỳ Fall 2020 theo Quyết định số 823/QĐ-ĐHFPT','2020-09-03','FA2020','2021-11-13',1,''),('973/QĐ-ĐHFPT','Ban hành điều chỉnh CTĐT từ kì Spring 2023','2022-10-26','','2022-10-28',1,'');
/*!40000 ALTER TABLE `decision` ENABLE KEYS */;
UNLOCK TABLES;

--
-- Table structure for table `elective`
--

DROP TABLE IF EXISTS `elective`;
/*!40101 SET @saved_cs_client     = @@character_set_client */;
/*!50503 SET character_set_client = utf8mb4 */;
CREATE TABLE `elective` (
  `eid` int NOT NULL AUTO_INCREMENT,
  `ename` varchar(255) CHARACTER SET utf8 COLLATE utf8_general_ci NOT NULL,
  `tag` varchar(255) CHARACTER SET utf8 COLLATE utf8_general_ci NOT NULL,
  `subjectName_EN` varchar(255) NOT NULL,
  `subjectName_VI` varchar(255) CHARACTER SET utf8 COLLATE utf8_general_ci NOT NULL,
  `note` varchar(3000) CHARACTER SET utf8 COLLATE utf8_general_ci DEFAULT NULL,
  `createDate` date DEFAULT NULL,
  `isActive` tinyint(1) NOT NULL,
  PRIMARY KEY (`eid`),
  UNIQUE KEY `ename` (`ename`),
  UNIQUE KEY `tag` (`tag`)
) ENGINE=InnoDB AUTO_INCREMENT=4 DEFAULT CHARSET=utf8mb4 COLLATE=utf8mb4_0900_ai_ci;
/*!40101 SET character_set_client = @saved_cs_client */;

--
-- Dumping data for table `elective`
--

LOCK TABLES `elective` WRITE;
/*!40000 ALTER TABLE `elective` DISABLE KEYS */;
INSERT INTO `elective` VALUES (1,'BIT_GD_K16D,K17A TMI_ELE','TMI_ELE','Traditional musical instrument','Nhạc cụ truyền thống','Migrate data at 10/28/2022 8:10:20 AM by khanhnk6','2023-04-10',1),(2,'SE_Entrepreneurship 2 and Combos','SE_EXE_ELE','SE_Entrepreneurship 2 and Combos','Nhóm môn Khởi nghiệp 2 và Combos','1. Nếu sinh viên đã học EXE101 ở kì 7, Sinh viên phải chọn EXE201 và 1 trong 2 môn còn lại của các combo đã chọn ở kì 5; 2. Nếu sinh viên đã học SYB302c ở kì 7, sinh viên sẽ học tất cả các môn còn lại của các combo đã chọn ở kì 5, cụ thể: SE_COM3 (PRU211m, PRN231); SE_COM4 (MMA301, WDP301); IS_COM5.1 (JFE301 và 1 trong 2 học phần JIS401, JIT401), IS_COM5.2 (JPD326), IS_COM6 (KOR411); SE_COM7 (DMT301,AIT301); SE_COM8 (CPV301, SDE301);','2023-04-10',1),(3,'Entrepreneurship Group 1','EXE_ELE','Entrepreneurship Group 1','Nhóm môn Khởi nghiệp 1','Nếu Cơ sở (Campus) chọn triển khai thử nghiệm Trải nghiệm khởi nghiệp thì sinh viên học EXE101, nếu không thì sinh viên học SYB302c.','2023-04-10',1);
/*!40000 ALTER TABLE `elective` ENABLE KEYS */;
UNLOCK TABLES;

--
-- Table structure for table `elective_subject`
--

DROP TABLE IF EXISTS `elective_subject`;
/*!40101 SET @saved_cs_client     = @@character_set_client */;
/*!50503 SET character_set_client = utf8mb4 */;
CREATE TABLE `elective_subject` (
  `eid` int NOT NULL,
  `subjectCode` varchar(255) NOT NULL,
  PRIMARY KEY (`eid`,`subjectCode`),
  KEY `fk_Elective_Subject` (`subjectCode`),
  CONSTRAINT `fk_Elective_Subject` FOREIGN KEY (`subjectCode`) REFERENCES `subject` (`subjectCode`),
  CONSTRAINT `fk_Subject_Elective` FOREIGN KEY (`eid`) REFERENCES `elective` (`eid`)
) ENGINE=InnoDB DEFAULT CHARSET=utf8mb4 COLLATE=utf8mb4_0900_ai_ci;
/*!40101 SET character_set_client = @saved_cs_client */;

--
-- Dumping data for table `elective_subject`
--

LOCK TABLES `elective_subject` WRITE;
/*!40000 ALTER TABLE `elective_subject` DISABLE KEYS */;
INSERT INTO `elective_subject` VALUES (2,'AIT301'),(2,'CPV301'),(1,'ĐBA102'),(2,'DMT301'),(1,'ĐNG102'),(1,'ĐNH102'),(1,'ĐSA102'),(1,'ĐTB102'),(1,'ĐTR102'),(3,'EXE101'),(2,'EXE201'),(2,'JFE301'),(2,'JIT401'),(2,'JPD326'),(2,'MMA301'),(2,'PRN231'),(2,'PRU211m'),(2,'SDE301'),(3,'SYB302c'),(1,'TRG102'),(2,'WDP301');
/*!40000 ALTER TABLE `elective_subject` ENABLE KEYS */;
UNLOCK TABLES;

--
-- Table structure for table `group_subject`
--

DROP TABLE IF EXISTS `group_subject`;
/*!40101 SET @saved_cs_client     = @@character_set_client */;
/*!50503 SET character_set_client = utf8mb4 */;
CREATE TABLE `group_subject` (
  `cid` int NOT NULL,
  `subjectCode` varchar(255) NOT NULL,
  `semester` varchar(100) NOT NULL,
  PRIMARY KEY (`cid`,`subjectCode`),
  KEY `fk_Subject_Group` (`subjectCode`),
  CONSTRAINT `fk_Group_Subject` FOREIGN KEY (`cid`) REFERENCES `class` (`cid`),
  CONSTRAINT `fk_Subject_Group` FOREIGN KEY (`subjectCode`) REFERENCES `subject` (`subjectCode`)
) ENGINE=InnoDB DEFAULT CHARSET=utf8mb4 COLLATE=utf8mb4_0900_ai_ci;
/*!40101 SET character_set_client = @saved_cs_client */;

--
-- Dumping data for table `group_subject`
--

LOCK TABLES `group_subject` WRITE;
/*!40000 ALTER TABLE `group_subject` DISABLE KEYS */;
/*!40000 ALTER TABLE `group_subject` ENABLE KEYS */;
UNLOCK TABLES;

--
-- Table structure for table `lecturer`
--

DROP TABLE IF EXISTS `lecturer`;
/*!40101 SET @saved_cs_client     = @@character_set_client */;
/*!50503 SET character_set_client = utf8mb4 */;
CREATE TABLE `lecturer` (
  `lid` int NOT NULL AUTO_INCREMENT,
  `userName` varchar(255) NOT NULL,
  PRIMARY KEY (`lid`),
  UNIQUE KEY `userName` (`userName`),
  CONSTRAINT `fk_leturer_account` FOREIGN KEY (`userName`) REFERENCES `account` (`userName`)
) ENGINE=InnoDB AUTO_INCREMENT=2 DEFAULT CHARSET=utf8mb4 COLLATE=utf8mb4_0900_ai_ci;
/*!40101 SET character_set_client = @saved_cs_client */;

--
-- Dumping data for table `lecturer`
--

LOCK TABLES `lecturer` WRITE;
/*!40000 ALTER TABLE `lecturer` DISABLE KEYS */;
INSERT INTO `lecturer` VALUES (1,'teacher');
/*!40000 ALTER TABLE `lecturer` ENABLE KEYS */;
UNLOCK TABLES;

--
-- Table structure for table `lo`
--

DROP TABLE IF EXISTS `lo`;
/*!40101 SET @saved_cs_client     = @@character_set_client */;
/*!50503 SET character_set_client = utf8mb4 */;
CREATE TABLE `lo` (
  `loid` int NOT NULL AUTO_INCREMENT,
  `slbid` int NOT NULL,
  `cloName` varchar(256) CHARACTER SET utf8 COLLATE utf8_general_ci NOT NULL,
  `cloDetail` varchar(300) CHARACTER SET utf8 COLLATE utf8_general_ci DEFAULT NULL,
  `loDetail` varchar(3000) CHARACTER SET utf8 COLLATE utf8_general_ci DEFAULT NULL,
  `isActive` bit(1) DEFAULT NULL,
  PRIMARY KEY (`loid`),
  KEY `fk_lo_syllbus` (`slbid`),
  CONSTRAINT `fk_lo_syllbus` FOREIGN KEY (`slbid`) REFERENCES `syllabus` (`slbid`)
) ENGINE=InnoDB AUTO_INCREMENT=10 DEFAULT CHARSET=utf8mb4 COLLATE=utf8mb4_0900_ai_ci;
/*!40101 SET character_set_client = @saved_cs_client */;

--
-- Dumping data for table `lo`
--

LOCK TABLES `lo` WRITE;
/*!40000 ALTER TABLE `lo` DISABLE KEYS */;
INSERT INTO `lo` VALUES (1,10,'1','CLO1','Understand the concepts of object oriented (OO) programs to solve problems and fundamentals of object-oriented programming in Java',_binary ''),(2,10,'2','CLO2','Practice basic Java language syntax and semantics to write Java programs and use concepts such as variables, conditional and iterative execution methods',_binary ''),(3,10,'3','CLO3','Uses streams to read and write data from/to different types of sources/targets',_binary ''),(4,10,'4','CLO4','Discuss the benefits and the use of JAVA’s Exceptional handling mechanism',_binary ''),(5,10,'5','CLO5','Identify classes, objects, members of a class and relationships among them needed for a specific problem',_binary ''),(6,10,'6','CLO6','Explain the concept and demonstrates the use of Polymorphism, Encapsulation, Abstraction and Inheritance in java',_binary ''),(7,10,'7','CLO7','Discuss the principles and the use of abstract classes and interfaces in java',_binary ''),(8,10,'8','CLO8','Understand and implement a complete program using object array',_binary ''),(9,10,'9','CLO9','Explain the principles and the use of some (java collections) abstract data types (list, set, map)',_binary '');
/*!40000 ALTER TABLE `lo` ENABLE KEYS */;
UNLOCK TABLES;

--
-- Table structure for table `major`
--

DROP TABLE IF EXISTS `major`;
/*!40101 SET @saved_cs_client     = @@character_set_client */;
/*!50503 SET character_set_client = utf8mb4 */;
CREATE TABLE `major` (
  `majorId` int NOT NULL AUTO_INCREMENT,
  `majorName_En` varchar(255) NOT NULL,
  `majorName_Vi` varchar(255) CHARACTER SET utf8 COLLATE utf8_general_ci NOT NULL,
  `keyword` varchar(100) CHARACTER SET utf8 COLLATE utf8_general_ci NOT NULL,
  `image` varchar(150) DEFAULT NULL,
  PRIMARY KEY (`majorId`),
  UNIQUE KEY `majorName_En` (`majorName_En`),
  UNIQUE KEY `majorName_Vi` (`majorName_Vi`),
  UNIQUE KEY `keyword` (`keyword`)
) ENGINE=InnoDB AUTO_INCREMENT=14 DEFAULT CHARSET=utf8mb4 COLLATE=utf8mb4_0900_ai_ci;
/*!40101 SET character_set_client = @saved_cs_client */;

--
-- Dumping data for table `major`
--

LOCK TABLES `major` WRITE;
/*!40000 ALTER TABLE `major` DISABLE KEYS */;
INSERT INTO `major` VALUES (1,'Software Engineer','Kĩ Thuật Phần Mềm','SE','images/h-about.jpg'),(2,'Multimedia Communication','Chuyên Ngành Truyền Thông Đa Phương Tiện','MC','images/h-adm1.jpg'),(3,'Marketing','Chuyên Ngành Marketing','MKT','images/h-cam.jpg'),(4,'Digital Art & Design','Chuyên Ngành Thiết Kế Đồ Họa','GD','images/h-res.jpg'),(5,'Finance','Chuyên Ngành Tài Chính','FIN','images/h-about1.jpg'),(6,'International Business','Chuyên Ngành Kinh Doanh Quốc Tế','IB','images/h-adm.jpg'),(7,'Internet of Things','Chuyên Ngành Internet Vạn Vật','IoT','images/h-cam1.jpg'),(8,'Information Assurance','Chuyên Ngành An Toàn Thông Tin','IA','images/h-res1.jpg'),(9,'Information System Major','chuyên ngành Hệ thống thông tin','IS','images/h-res1.jpg'),(10,'Artificial Intelligence Major','chuyên ngành Trí tuệ nhân tạo','AI','images/h-res1.jpg'),(11,'Hotel Management Major','chuyên ngành Quản trị Khách sạn','HM','images/h-res1.jpg'),(12,'Tourism and Travel Management Major','chuyên ngành Quản trị Du lịch & Lữ hành','TM','images/h-res1.jpg'),(13,'Other','Khác','KH','images/h-about.jpg');
/*!40000 ALTER TABLE `major` ENABLE KEYS */;
UNLOCK TABLES;

--
-- Table structure for table `material`
--

DROP TABLE IF EXISTS `material`;
/*!40101 SET @saved_cs_client     = @@character_set_client */;
/*!50503 SET character_set_client = utf8mb4 */;
CREATE TABLE `material` (
  `mid` int NOT NULL AUTO_INCREMENT,
  `slbid` int NOT NULL,
  `description` varchar(3000) CHARACTER SET utf8 COLLATE utf8_general_ci NOT NULL,
  `author` varchar(3000) CHARACTER SET utf8 COLLATE utf8_general_ci DEFAULT NULL,
  `publisher` varchar(3000) CHARACTER SET utf8 COLLATE utf8_general_ci DEFAULT NULL,
  `publishedDate` date DEFAULT NULL,
  `edition` varchar(3000) CHARACTER SET utf8 COLLATE utf8_general_ci DEFAULT NULL,
  `ISBN` varchar(3000) CHARACTER SET utf8 COLLATE utf8_general_ci DEFAULT NULL,
  `isMainMaterial` tinyint(1) NOT NULL,
  `isHardCopy` tinyint(1) NOT NULL,
  `isOnline` tinyint(1) NOT NULL,
  `note` varchar(3000) CHARACTER SET utf8 COLLATE utf8_general_ci DEFAULT NULL,
  `isActive` tinyint(1) NOT NULL,
  `accountID` int NOT NULL,
  PRIMARY KEY (`mid`),
  KEY `fk_material_subject` (`slbid`),
  KEY `fk_material_account` (`accountID`),
  CONSTRAINT `fk_material_account` FOREIGN KEY (`accountID`) REFERENCES `account` (`accountID`),
  CONSTRAINT `fk_material_subject` FOREIGN KEY (`slbid`) REFERENCES `syllabus` (`slbid`)
) ENGINE=InnoDB AUTO_INCREMENT=211 DEFAULT CHARSET=utf8mb4 COLLATE=utf8mb4_0900_ai_ci;
/*!40101 SET character_set_client = @saved_cs_client */;

--
-- Dumping data for table `material`
--

LOCK TABLES `material` WRITE;
/*!40000 ALTER TABLE `material` DISABLE KEYS */;
INSERT INTO `material` VALUES (1,1,'Introductory documents aout FPT Group and FPT University','','',NULL,'','',0,0,0,'',1,7),(2,1,'Hồi ký: Từ nhân dân mà ra','','',NULL,'','',0,0,0,'',1,7),(3,1,'Hồi ký: Những điều đọng lại qua hai cuộc chiến tranh','','',NULL,'','',0,0,0,'',1,7),(4,1,'Hồi ký: Tổng hành dinh','','',NULL,'','',0,0,0,'',1,7),(5,2,'Computer Organization and Architecture: Design for Performance','William Stallings','Prentice Hall',NULL,'9th (or 10th)','978-0132936330 (9th), 978-0134101613 (10th)',1,1,0,'',1,7),(6,2,'Computer architecture : A quantitative approach','John L. Hennessy, David A Patterson','Morgan Kaufmann',NULL,'','',0,1,0,'',1,7),(7,2,'http://williamstallings.com/ComputerOrganization/COA9e-Instructor/','','',NULL,'','',0,0,1,'',1,7),(8,2,'http://williamstallings.com/ComputerOrganization/COA9e-student/','','',NULL,'','',0,0,1,'',1,7),(9,2,'PowerPoint Lecture Slides','','',NULL,'','',0,0,0,'',1,7),(10,2,'Instructor Solutions Manual','','',NULL,'','',0,0,0,'',1,7),(11,2,'Instructor Project Manual','','',NULL,'','',0,0,0,'',1,7),(12,2,'Test banks','','',NULL,'','',0,0,0,'',1,7),(13,3,'Foundations Of Computer Science','Behrouz Forouzan','Cengage',NULL,'4th','978-1-4737-5104-0',1,1,0,'',1,7),(14,3,'Fundamentals of Information Systems Security','','Jones & Bartlett',NULL,'3rd','',0,1,0,'',1,7),(15,3,'Computer architecture : A quantitative approach','John L. Hennessy, David A Patterson','Morgan Kaufmann',NULL,'5th','',0,1,0,'',1,7),(16,4,'Calculus 1','','',NULL,'','',1,0,1,'https://openstax.org/details/books/calculus-volume-1',1,7),(17,4,'Calculus 2','','',NULL,'','',1,0,1,'https://openstax.org/details/books/calculus-volume-2',1,7),(18,4,'powerpoint in CD + Powerpoint prepared by previous lecturers (PP).','','',NULL,'','',0,0,0,'',1,7),(19,4,'Student Video Skillbuilder in CD (Video).','','',NULL,'','',0,0,0,'',1,7),(20,4,'Animation in CD (Animation).','','',NULL,'','',0,0,0,'',1,7),(21,4,'Computerized tools (for example Maxima http://maxima.sourceforge.net/) (CT)','','',NULL,'','',0,0,0,'',1,7),(22,4,'Essential Calculus','James Stewart','Thomson Brooks/Cole',NULL,'','978-0-495-10860-3',0,0,0,'',1,7),(23,4,'Calculus for engineers','Donald Trim','Prentice Hall,',NULL,'','0-13-085603-7',0,0,0,'',1,7),(24,4,'Calculus','Stanley I. Grossman','',NULL,'','0-03-096420-2',0,0,0,'',1,7),(25,4,'Linear Algebra with applications','W.Keith Nicholson,','Mc Graw Hill Education',NULL,'','987-1-259-07299-4.',0,1,0,'',1,7),(26,4,'Linear Algebra with Applications','W. Keith Nicholson','Lyryx Online Resources',NULL,'2021-A','',1,0,1,'https://lyryx.com/linear-algebra-applications/',1,7),(27,5,'Foundations of Programming Using C','Evan Weaver','',NULL,'','',1,1,0,'',1,7),(28,5,'BTP100: http://cs.senecac.on.ca/~btp100/pages/welco.html','','',NULL,'','',0,0,1,'',1,7),(29,5,'FU Presentation Powerpoints (.zip)','','',NULL,'','',0,0,0,'',1,7),(30,5,'FU CMS at http://cms.fpt.edu.vn .','','',NULL,'','',0,0,1,'',1,7),(31,6,'https://www.coursera.org/specializations/academic-skills','','Coursera',NULL,'','',1,0,1,'SPEC: Academic Skills for University Success Specialization',1,7),(32,6,'https://www.coursera.org/learn/digital-literacy','','Coursera',NULL,'','',1,0,1,'MOOC 01: Introduction to Information & Digital Literacy for University Success',1,7),(33,6,'https://www.coursera.org/learn/problem-solving-skills','','Coursera',NULL,'','',1,0,1,'MOOC 02: Introduction to Problem-Solving Skill for University Success',1,7),(34,6,'https://www.coursera.org/learn/critical-thinking-skills','','Coursera',NULL,'','',1,0,1,'MOOC 03: Critical Thinking Skills for University Success',1,7),(35,6,'https://www.coursera.org/learn/communication-skills','','Coursera',NULL,'','',1,0,1,'MOOC 04: Communication Skills for University Success',1,7),(36,6,'https://www.coursera.org/learn/academic-skills-project','','Coursera',NULL,'','',1,0,1,'MOOC 05: Academic Skills for University Success: Capstone',1,7),(37,7,'Discrete Mathematics and its applications','Kenneth Rosen','Mc.Graw Hill, IE',NULL,'Ed.7 (or 6)','978-0073383095',1,1,0,'',1,7),(38,7,'Teaching Suggestion and Applications of Discrete Mathematics for ST1 (TS)','','',NULL,'','',0,0,0,'',1,7),(39,7,'Testbank for ST1','','',NULL,'','',0,0,0,'',1,7),(40,7,'Powerpoint image in CD + Powerpoint prepared by previous lecturers (PP)','','',NULL,'','',0,0,0,'',1,7),(41,7,'Computerized tools (for example C programming tools, Maxima http://maxima.sourceforge.net/) (CT)','','',NULL,'','',0,0,0,'',1,7),(42,7,'Adam Drozdek. Data structure and Algorithms in Java. 3rd Edition.','','',NULL,'','',0,1,0,'',1,7),(43,8,'https://www.coursera.org/specializations/computer-communications','','Coursera',NULL,'','',1,0,1,'SPEC: Computer Communications Specialization',1,7),(44,8,'https://learner.coursera.help/hc/en-us/articles/208280036-Coursera-Code-of-Conduct','','Coursera',NULL,'','',0,0,1,'Help Articles',1,7),(45,8,'https://www.coursera.org/learn/fundamentals-network-communications?specialization=computer-communications','','Coursera',NULL,'','',1,0,1,'MOOC 1: Fundamentals of Network Communication',1,7),(46,8,'https://www.coursera.org/learn/peer-to-peer-protocols-local-area-networks?specialization=computer-communications','','Coursera',NULL,'','',1,0,1,'MOOC 2: Peer-to-Peer Protocols and Local Area Networks',1,7),(47,8,'https://www.coursera.org/learn/packet-switching-networks-algorithms?specialization=computer-communications','','Coursera',NULL,'','',1,0,1,'MOOC 3: Packet Switching Networks and Algorithms',1,7),(48,8,'https://www.coursera.org/learn/tcp-ip-advanced?specialization=computer-communications','','Coursera',NULL,'','',1,0,1,'MOOC 4: TCP/IP and Advanced Topics',1,7),(49,9,'Modern Operating Systems (4th edition or 3rd or 2nd)','Andrew S. Tanenbaum','Pearson',NULL,'4th or 3rd or 2nd','9781292061429 or 9780133591620 (4th Edition)',1,1,0,'',1,7),(50,9,'Course slides (.pptx)','','',NULL,'','',0,0,0,'',1,7),(51,9,'Understanding operating systems','Ann McIver McHoes and Ida M. Flynn','Cengage Learning',NULL,'8th','978-1305674257',0,1,0,'',1,7),(52,9,'http://courses.knox.edu/cs226/','','',NULL,'','',0,0,1,'',1,7),(53,9,'Connecting with Computer Science','Creg Anderson, David Ferrro, Robert Hilbon','Thomson course Technology',NULL,'2nd Edition','978-1439080351',0,1,0,'',1,7),(54,10,'Java 8 Specification<br>https://docs.oracle.com/javase/specs/jvms/se8/html/jvms-1.html#jvms-1.1','','',NULL,'','',0,0,1,'',1,7),(55,10,'Core Java, Volum 1: Fundamentals','Cay Horstmann','Pearson',NULL,'11th','978-0135166307',0,1,0,'',1,7),(56,10,'Core Java, Volum 2: Advanced features','Cay Horstmann','Pearson',NULL,'11th','978-0135166314',0,1,0,'',1,7),(57,10,'Object-Oriented Programming using Java (website (offline): Học liệu do FU biên soạn)','','',NULL,'','',1,0,0,'',1,7),(58,11,'Problem Solving in Teams and Groups','Cameron W. Piercy','University of Kansas Libraries',NULL,'','',1,0,1,'https://open.umn.edu/opentextbooks/textbooks/problem-solving-in-teams-and-groups',1,7),(59,11,'College Success','N/A','Lumen Learning courseware',NULL,'','',1,0,1,'https://courses.lumenlearning.com/lumencollegesuccessxtraining2/ or https://courses.lumenlearning.com/lumencollegesuccessxtraining/',1,7),(60,11,'Business communication for success','N/A','University of Minnesota i',NULL,'2th','',1,0,1,'https://www.oercommons.org/courses/basics-of-written-business-communication/view',1,7),(61,11,'Working in group 7th ed.','','Pearson',NULL,'','',0,1,0,'',1,7),(62,11,'Business communication 7th ed.','','Thomson-South Western',NULL,'','',0,1,0,'',1,7),(63,11,'PowerPoint Slides','','',NULL,'','',0,0,0,'',1,7),(64,12,'Michaelt T. Goodrich, Roberto Tamassia, Michael H. Goldwasser: Data Structures and Algorithms in Java, 6th Edition, 2014 (ebook)<br>Link to the book: http://coltech.vnu.edu.vn/~sonpb/DSA/Data%20Structures%20and%20Algorithms%20in%20Java,%206th%20Edition,%202014.pdf','Michaelt T. Goodrich, Roberto Tamassia, Michael H. Goldwasser','Wiley',NULL,'6th','978-1-118-77133-4',1,0,1,'',1,7),(65,12,'FU slides (ppt)','','',NULL,'','',0,0,0,'',1,7),(66,12,'FU exercises (pdf)','','',NULL,'','',0,0,0,'',1,7),(67,12,'Code files for students (java files)','','',NULL,'','',0,0,0,'',1,7),(68,12,'FU CMS at http://cms.fpt.edu.vn.','','',NULL,'','',0,0,1,'',1,7),(69,13,'First Course in Database Systems','Jeffrey D. Ullman, Jennifer Widom','Pearson',NULL,'Third edition','9781292025827 or 9780136006374',1,1,0,'',1,7),(70,13,'Database Management System','Raghu ramakrishnan','Mc Graw-Hill',NULL,'Third edition','978-8131769591',0,1,0,'',1,7),(71,13,'Database Management System (DBMS): A Practical Approach','Rajiv Chopra','SChand Publications',NULL,'','9788121932455',0,1,0,'',1,7),(72,13,'Course slides (.pptx)','','',NULL,'','',0,0,0,'',1,7),(73,13,'Labs & assignment','','',NULL,'','',0,0,0,'',1,7),(74,14,'Dekiru Nihongo - Beginner Main textbook','できる日本語教材開発プロジェクト','',NULL,'','',1,1,0,'Giáo trình Dekiru quyển đỏ nhà trường đã có bản quyền',1,7),(75,14,'Dekiru Nihongo - Beginner<br>Grammar Workbook<br>Vocabulary Workbook','できる日本語教材開発プロジェクト','',NULL,'','',0,0,0,'',1,7),(76,14,'Kana Nyuumon (Nhập môn Kana)','Japan Foundation','',NULL,'','',0,0,0,'',1,7),(77,14,'Kanji Tamago','できる日本語教材開発プロジェクト','',NULL,'','',0,1,0,'',1,7),(78,14,'Slide bài giảng do giảng viên cung cấp','','',NULL,'','',0,0,0,'',1,7),(79,15,'Lab Room Regulations (For Students)','','',NULL,'','',1,0,0,'Bản mềm do FU biên soạn',1,7),(80,15,'Mentor guide For Lab (For Mentors only)','','',NULL,'','',1,0,0,'Bản mềm do FU biên soạn',1,7),(81,15,'Evaluation Templates (For Mentors only)','','',NULL,'','',1,0,0,'Bản mềm do FU biên soạn',1,7),(82,16,'https://learner.coursera.help/hc/en-us/articles/208280036-Coursera-Code-of-Conduct','','Coursera',NULL,'','',0,0,1,'',1,7),(83,16,'https://www.coursera.org/learn/html/home/welcome','','Coursera',NULL,'','',1,0,1,'MOOC 1: Introduction to HTML5',1,7),(84,16,'https://www.coursera.org/learn/introcss/home/welcome','','Coursera',NULL,'','',1,0,1,'MOOC 2: Introduction to CSS3',1,7),(85,16,'https://www.coursera.org/learn/javascript/home/welcome','','Coursera',NULL,'','',1,0,1,'MOOC 3: Interactivity with JavaScript',1,7),(86,16,'https://www.coursera.org/learn/responsivedesign/home/welcome','','Coursera',NULL,'','',1,0,1,'MOOC 4: Advanced Styling with Responsive Design',1,7),(87,16,'https://www.coursera.org/learn/web-design-project/home/welcome','','Coursera',NULL,'','',1,0,1,'MOOC 5: Web Design for Everybody Capstone',1,7),(88,16,'https://www.coursera.org/specializations/web-design; University of Michigan','','Coursera',NULL,'','',1,0,1,'SPEC: Web Design for Everybody: Basics of Web Development & Coding',1,7),(89,17,'Course from Edx: https://learning.edx.org/course/course-v1:CurtinX+IOT1x+2T2018/home','','',NULL,'','',1,0,1,'',1,7),(90,17,'Course from Edx: https://learning.edx.org/course/course-v1:CurtinX+IOT2x+2T2018/home','','',NULL,'','',1,0,1,'',1,7),(91,17,'Free Hardware and IoT Ebooks_ OReilly Media','','',NULL,'','',0,0,0,'',1,7),(92,17,'Introduction to Arduino: A piece of cake','Alan G. Smith','',NULL,'','',0,0,1,'free at: http://www.introtoarduino.com',1,7),(93,17,'Documents at https://www.arduino.cc/','','',NULL,'','',0,0,1,'',1,7),(94,17,'Instructables.com - 20 Unbelievable Arduino Projects','','',NULL,'','',0,0,1,'',1,7),(95,17,'Slides','','',NULL,'','',1,0,0,'',1,7),(96,17,'Tutorials','','',NULL,'','',1,0,0,'',1,7),(97,17,'Video','','',NULL,'','',1,0,0,'',1,7),(98,17,'Electronics component list','','',NULL,'','',1,0,0,'',1,7),(99,18,'Guides & Templates (for Students & Teachers)','','',NULL,'','',1,0,0,'Bản mềm do FU biên soạn',1,7),(100,18,'Learn HTML and CSS with W3Schools<br>(https://www.w3schools.com/)','','',NULL,'','',0,0,1,'',1,7),(101,18,'Murach\'s Java Servlets and JSP','Joel Murach, Michael Urban','Mike Murach & Associates',NULL,'3rd Edition','978-1890774783',0,1,0,'',1,7),(102,18,'SQL for MySQL Developers A Comprehensive Tutorial and Reference','Rick F. van der Lans','Addison-Wesley Professional',NULL,'1st edition','978-0131497351',0,1,0,'',1,7),(103,19,'『できる日本語　初級　本冊』','嶋田和子','アルク',NULL,'','ISBN-10 : 4757419775ISBN-13 : 978-4757419773',1,1,0,'Giáo trình Dekiru quyển đỏ nhà trường đã có bản quyền',1,7),(104,19,'『わたしの文法ノート 初級 (できる日本語)』','嶋田和子','凡人社',NULL,'','ISBN-10 : 489358801XISBN-13 : 978-4893588012',0,1,0,'',1,7),(105,19,'『わたしのことばノート 初級 (できる日本語)』','嶋田 和子','凡人社',NULL,'','ISBN-10 : 4893588117ISBN-13 : 978-4893588111',0,1,0,'',1,7),(106,19,'漢字たまご 初級','有山優樹 (著), 落合知春 (著), 立原雅子 (著), 林英子 (著), 山口知才子 (著), 酒井弘美 (イラスト), 嶋田和子 (監修)','凡人社',NULL,'','ISBN-10 : 4893588311ISBN-13 : 978-4893588319',0,1,0,'',1,7),(107,19,'Slide bài giảng do giảng viên cung cấp','','',NULL,'','',0,0,0,'',1,7),(108,20,'Main materials:<br>1) Montgomery D.C. & Runger G.C., Applied Statistics and Probability for Engineers','John Wiley & Sons.','Wiley',NULL,'4th (or 5th or 6th) ed.,','9781119718871',1,1,0,'',1,7),(109,20,'Powerpoint slides (PP).','','',NULL,'','',0,0,0,'',1,7),(110,20,'Computerized tools (for example Excel and DDXL add-ons) (CT)','','',NULL,'','',0,0,0,'',1,7),(111,20,'Elementary Statistics Using Excel, 3/E,','Mario F. Triola','Addison-Wesley',NULL,'3rd','321365135',0,1,0,'',1,7),(112,21,'Text book 1: Professional Java® forWebApplications<br>Link: http://library.books24x7.com/toc.aspx?bookid=62587','Nicholas S. Williams','Wrox',NULL,'1st edition','978-1118656464',1,0,1,'',1,7),(113,21,'Article 1: http://docs.oracle.com/javase/tutorial/JDBC','','',NULL,'','',0,0,1,'',1,7),(114,21,'Article 2: https://docs.oracle.com/cd/B14099_19/web.1012/b14017/filters.htm','','',NULL,'','',0,0,1,'',1,7),(115,22,'https://learner.coursera.help/hc/en-us/articles/208280036-Coursera-Code-of-Conduct','','Coursera',NULL,'','',0,0,1,'',1,7),(116,22,'https://www.coursera.org/learn/software-processes','','Coursera',NULL,'','',1,0,1,'MOOC 01: Software Development Processes and Methodologies',1,7),(117,22,'https://www.coursera.org/learn/agile-software-development','','Coursera',NULL,'','',1,0,1,'MOOC 02: Agile Software Development',1,7),(118,22,'https://www.coursera.org/learn/lean-software-development','','Coursera',NULL,'','',1,0,1,'MOOC 03: Lean Software Development',1,7),(119,22,'https://www.coursera.org/learn/engineering-practices-secure-software-quality','','Coursera',NULL,'','',1,0,1,'MOOC 04: Engineering Practices for Building Quality Software',1,7),(120,22,'https://www.coursera.org/specializations/software-development-lifecycle','','Coursera',NULL,'','',1,0,1,'SPEC: Software Development Lifecycle',1,7),(121,23,'https://learner.coursera.help/hc/en-us/articles/208280036-Coursera-Code-of-Conduct','','Coursera',NULL,'','',0,0,1,'',1,7),(122,23,'https://www.coursera.org/learn/promote-ethical-data-driven-technologies','','Coursera',NULL,'','',1,0,1,'MOOC 1: Promote the Ethical Use of Data-Driven Technologies',1,7),(123,23,'https://www.coursera.org/learn/ethical-frameworks-action','','Coursera',NULL,'','',1,0,1,'MOOC 2: Turn Ethical Frameworks into Actionable Steps',1,7),(124,23,'https://www.coursera.org/learn/detect-mitigate-ethical-risks','','Coursera',NULL,'','',1,0,1,'MOOC 3: Detect and Mitigate Ethical Risks',1,7),(125,23,'https://www.coursera.org/learn/ethical-communication-data-driven-technologies','','Coursera',NULL,'','',1,0,1,'MOOC 4: Communicate Effectively about Ethical Challenges in Data-Driven Technologies',1,7),(126,23,'https://www.coursera.org/learn/ethical-data-driven-technology-leader','','Coursera',NULL,'','',1,0,1,'MOOC 5: Create and Lead an Ethical Data-Driven Organization',1,7),(127,23,'https://www.coursera.org/learn/preparing-for-your-certnexus-certification-exam','','Coursera',NULL,'','',1,0,1,'MOOC 6: Preparing for Your CertNexus Certification Exam',1,7),(128,23,'https://www.coursera.org/specializations/certified-ethical-emerging-technologist','','Coursera',NULL,'','',1,0,1,'SPEC: CertNexus Certified Ethical Emerging Technologist Professional Certificate',1,7),(129,24,'Software Requirements','Karl E. Wiegers','Microsoft Press',NULL,'Third Edition','978-0-7356-7966-5',1,1,0,'',1,7),(130,24,'More About Software Requirements: Thorny Issues and Practical Advice','Karl E. Wiegers','Microsoft Press',NULL,'','978-0-7356-2267-8',0,1,0,'',1,7),(131,24,'The Software Requirements Memory Jogger: A Pocket Guide to Help Software And Business Teams Develop and Manage Requirements','Ellen Gottesdiener','GOAL/QPC',NULL,'','978-1-57681-060-6',0,1,0,'',1,7),(132,24,'Requirements Engineering: Secure Software Specifications Specialization','','Coursera',NULL,'','',0,0,1,'https://www.coursera.org/specializations/requirements-engineering-secure-software',1,7),(133,25,'Foundations of Software Testing: ISTQB Certification','Dorothy Graham, Erik van Veenendaal, Isabel Evans,Rex Black','Cengage Learning Business Press',NULL,'','978-1-84480-355-2',1,0,1,'Books24x7, https://library.books24x7.com/toc.aspx?bookid=26179',1,7),(134,25,'https://cmshn.fpt.edu.vn/','','',NULL,'','',0,0,1,'',1,7),(135,25,'Foundations of software testing istqb certification','','',NULL,'','',0,0,0,'',1,7),(136,25,'Software Quality Engineering: Testing, Quality assurance, and Quantifiable Improvement. Jeff Tian','','',NULL,'','',0,0,0,'',1,7),(137,25,'Course Software Testing and Quality Assurance by Tian in http://engr.smu.edu/~tian/class/7314.06f/syl.html (availble in FU library)','','',NULL,'','',0,0,1,'',1,7),(138,25,'Ian Sommerville. Software Engineering 8e. Part 5: Verification and Validation.','','',NULL,'','',0,0,0,'',1,7),(139,25,'Towards Zero Defect Software: The Cleanroom Approach. Mario A. Nascimento, Mario A. Nascimento, Murat M. Tanik, Murat M. Tanik. 1994. Available at http://www.cnptia.embrapa.br/~mario/Papers/tr-94-cse-31.ps.gz','','',NULL,'','',0,0,0,'',1,7),(140,25,'Computer Software Validation. Alan Muirhead. News & Views, March 2000. Available at http://www.stcpmc.org/archive/archive/n&v/feat0300.html','','',NULL,'','',0,0,1,'',1,7),(141,25,'Agile Testing: A Practical Guide for Testers and Agile Teams','Lisa Crispin,Janet Gregory','',NULL,'','978-0321534460',0,1,0,'',1,7),(142,26,'https://www.coursera.org/specializations/academic-english','','Coursera',NULL,'','',1,0,1,'SPEC: Academic English: Writing Specialization',1,7),(143,26,'https://www.coursera.org/learn/grammar-punctuation','','Coursera',NULL,'','',1,0,1,'MOOC 01: Grammar and Punctuation',1,7),(144,26,'https://www.coursera.org/learn/getting-started-with-essay-writing','','Coursera',NULL,'','',1,0,1,'MOOC 02: Getting Started with Essay Writing',1,7),(145,26,'https://www.coursera.org/learn/advanced-writing','','Coursera',NULL,'','',1,0,1,'MOOC 03: Advanced Writing',1,7),(146,26,'https://www.coursera.org/learn/introduction-to-research-for-essay-writing','','Coursera',NULL,'','',1,0,1,'MOOC 04: Introduction to Research for Essay Writing',1,7),(147,26,'https://www.coursera.org/learn/academic-writing-capstone','','Coursera',NULL,'','',1,0,1,'MOOC 05: Project: Writing a Research Paper',1,7),(148,27,'Hướng dẫn quản lý thực tập (07.04PL - HDCV Quan ly thuc tap)<br>Guideline for internship management (07.04PL - HDCV Quan ly thuc tap)','','',NULL,'','',1,1,0,'Internal material, self-documented FPTU',1,7),(149,27,'Phiếu khảo sát doanh nghiệp về sinh viên thực tập (07.16BMĐHFE10- Khảo sát doanh nghiệp về sinh viên thực tập)<br>Business survey on student interns','','',NULL,'','',1,1,0,'Internal material, self-documented FPTU',1,7),(150,27,'Phiếu Khảo sát sinh viên về kỳ thực tập (07.17BMĐHFE10- Khao sat sinh vien ve ky thuc tap)<br>Student survey on the internship','','',NULL,'','',1,1,0,'Internal material, self-documented FPTU',1,7),(151,27,'Phiếu đánh giá sinh viên kỳ OJT<br>Evaluation of the students\' OJT performance','','',NULL,'','',1,1,0,'Internal material, self-documented FPTU',1,7),(152,28,'Google Android developer reference site (http://developer.android.com/resources/tutorials/hello-world.html)','Google','Google',NULL,'N/A','',1,0,1,'',1,7),(153,28,'https://google-developer-training.github.io/android-developer-fundamentals-course-concepts-v2/','Google','Google',NULL,'2nd','',0,0,1,'',1,7),(154,28,'Course slides (.pptx)','','',NULL,'','',0,0,0,'Bản mềm, tài liệu xây dựng bởi FU',1,7),(155,29,'Software Modeling and Design: UML, Use Cases, Patterns, and Software Architectures','H. Gomaa','Cambridge University Press',NULL,'1st Edition','9780521764148',1,1,0,'Books24x7, https://library.books24x7.com/toc.aspx?bookid=41618',1,7),(156,29,'UML Distilled: Applying the Standard Object Modeling Language','Fowler','Addison-Wesley',NULL,'3rd edition','978-0321193681',0,1,0,'',1,7),(157,29,'https://gmu.blackboard.com/webct/','','',NULL,'','',0,0,1,'',1,7),(158,30,'Giáo trình Triết học Mác-Lênin, dùng cho sinh viên đại học hệ không chuyên lý luận chính trị<br>Philosophy of Marxism – Leninism textbook for non-politics majored students','Bộ Giáo dục và Đào tạoMinistry of Education and Training','Nhà xuất bản Chính trị quốc gia sự thậtTruth National Political Publishing House',NULL,'1','',1,0,1,'Giáo trình có thể download bản mềm tại:(Textbook can be downloaded at)https://moet.gov.vn/van-ban/vbdh/Pages/chi-tiet-van-ban.aspx?ItemID=2729#divShowDialogDownload. Thư viện chỉ đặt mua số lượng ít.',1,7),(159,30,'Giáo trình Triết học Mác-Lênin, dùng cho sinh viên đại học hệ chuyên lý luận chính trị<br>Philosophy of Marxism – Leninism textbook for politics majored students','Bộ Giáo dục và Đào tạoMinistry of Education and Training','Nhà xuất bản Chính trị quốc gia sự thậtTruth National Political Publishing House',NULL,'1','',0,1,0,'',1,7),(160,30,'Giáo trình Triết học Mác-Lênin<br>Philosophy of Marxism – Leninism textbook','Bộ Giáo dục và Đào tạoMinistry of Education and Training','Nhà xuất bản Chính trị quốc giaNational Political Publishing House',NULL,'','',0,1,0,'',1,7),(161,30,'C. Mác và Ph. Ăngghen: Toàn tập<br>Marx/Engels Collected Works','C. Mác và Ph. Ăngghen','Nhà xuất bản Chính trị quốc giaNational Political Publishing House',NULL,'1','',0,1,0,'',1,7),(162,30,'V.I. Lênnin: Toàn tập<br>Selected works [of] V. I. Lenin','V.I. Lênnin','Nhà xuất bản Chính trị quốc giaNational Political Publishing House',NULL,'1','',0,1,0,'',1,7),(163,30,'Giáo trình Triết học Mác-Lênin<br>Philosophy of Marxism – Leninism textbook','Bộ Giáo dục và Đào tạoMinistry of Education and Training','Nhà xuất bản Chính trị quốc giaNational Political Publishing House',NULL,'','',0,1,0,'',1,7),(164,31,'Giáo trình Kinh tế chính trị Mác-Lênin, dùng cho sinh viên đại học hệ không chuyên lý luận chính trị<br>Political economics of Marxism – Leninism textbook for non-politics majored students','Bộ Giáo dục và Đào tạoMinistry of Education and Training','Nhà xuất bản Chính trị quốc gia sự thậtTruth National Political Publishing House',NULL,'1','',1,0,1,'Giáo trình có thể download bản mềm tại:(Textbook can be downloaded at)https://moet.gov.vn/van-ban/vbdh/Pages/chi-tiet-van-ban.aspx?ItemID=2729#divShowDialogDownload. Thư viện chỉ đặt mua số lượng ít.',1,7),(165,31,'Giáo trình Kinh tế chính trị Mác - Leenin, dùng cho sinh viên đại học hệ chuyên lý luận chính trị<br>Political economics of Marxism – Leninism textbook for politics majored students','Bộ Giáo dục và Đào tạoMinistry of Education and Training','Nhà xuất bản Chính trị quốc gia sự thậtTruth National Political Publishing House',NULL,'1','',0,1,0,'',1,7),(166,31,'Văn kiện Đại hội Đảng toàn quốc lần thứ VI, VII, VIII, IX, X, XI, XII, XIII<br>Political report of the 6th, 7th, 8th, 9th, 10th, 11th, 12th, 13th Party Congress','Đảng Cộng sản Việt Nam<br>The Communist Party of Vietnam','Nhà xuất bản Chính trị quốc gia National Political Publishing House',NULL,'1','',0,0,1,'',1,7),(167,31,'C. Mác và Ph. Ăngghen: Toàn tập, t4,8,12,13, 18 ,20, 23, 25, 46<br>Marx/Engels Collected Works, Vol. 4, 8, 12,13, 18 ,20, 23, 25, 46','C. Mác và Ph. Ăngghen','Nhà xuất bản Chính trị quốc giaNational Political Publishing House',NULL,'1','',0,1,0,'',1,7),(168,31,'V.I. Lênnin: Toàn tập, t3, 27, 45<br>V. I. Lenin, Collected Works, Vol. 3, 27, 45','V.I. Lênnin','Nhà xuất bản Chính trị quốc giaNational Political Publishing House',NULL,'','',0,1,0,'',1,7),(169,32,'https://learner.coursera.help/hc/en-us/articles/208280036-Coursera-Code-of-Conduct','','Coursera',NULL,'','',0,0,1,'',1,7),(170,32,'https://www.coursera.org/learn/project-management-foundations','','Coursera',NULL,'','',1,0,1,'MOOC 1: Foundations of Project Management',1,7),(171,32,'https://www.coursera.org/learn/project-initiation-google','','Coursera',NULL,'','',1,0,1,'MOOC 2: Project Initiation: Starting a Successful Project',1,7),(172,32,'https://www.coursera.org/learn/project-planning-google','','Coursera',NULL,'','',1,0,1,'MOOC 3: Project Planning: Putting It All Together',1,7),(173,32,'https://www.coursera.org/learn/project-execution-google','','Coursera',NULL,'','',1,0,1,'MOOC 4: Project Execution: Running the Project',1,7),(174,32,'https://www.coursera.org/learn/agile-project-management','','Coursera',NULL,'','',1,0,1,'MOOC 5: Agile Project Management',1,7),(175,32,'https://www.coursera.org/learn/applying-project-management','','Coursera',NULL,'','',1,0,1,'MOOC 6: Capstone: Applying Project Management in the Real World',1,7),(176,32,'https://www.coursera.org/professional-certificates/google-project-management','','Coursera',NULL,'','',1,0,1,'SPEC: Google Project Management: Professional Certificate',1,7),(177,32,'The Project Management Body of Knowledge (PMBOK Guide)','','',NULL,'5th','',0,0,0,'PMI',1,7),(178,32,'ITPM: Information Technology Project Management','Kathy Schwalbe','Cengage Learning',NULL,'8th','',0,0,0,'',1,7),(179,32,'The Scrum Guide<br>(https://scrum.org)','','',NULL,'','',0,0,1,'',1,7),(180,33,'https://learner.coursera.help/hc/en-us/articles/208280036-Coursera-Code-of-Conduct','','Coursera',NULL,'','',0,0,1,'',1,7),(181,33,'https://www.coursera.org/learn/introtoux-principles-and-processes','','',NULL,'','',1,0,1,'MOOC 1: Introduction to User Experience Principles and Processes',1,7),(182,33,'https://www.coursera.org/learn/understanding-user-needs','','',NULL,'','',1,0,1,'MOOC 2: Understanding User Needs',1,7),(183,33,'https://www.coursera.org/learn/evaluating-designs-with-users','','',NULL,'','',1,0,1,'MOOC 3: Evaluating Designs with Users',1,7),(184,33,'https://www.coursera.org/learn/ux-design-concept-wireframe','','',NULL,'','',1,0,1,'MOOC 4: UX Design: From Concept to Prototype',1,7),(185,33,'https://www.coursera.org/learn/ux-research-at-scale','','',NULL,'','',1,0,1,'MOOC 5: UX Research at Scale: Surveys, Analytics, Online Testing',1,7),(186,33,'https://www.coursera.org/learn/user-experience-capstone','','',NULL,'','',1,0,1,'MOOC 6: UX (User Experience) Capstone',1,7),(187,33,'https://www.coursera.org/specializations/michiganux','','',NULL,'','',1,0,1,'SPEC: User Experience Research and Design',1,7),(188,34,'Giáo trình Tư tưởng Hồ Chí Minh, dùng cho sinh viên bậc đại học hệ không chuyên ngành lý luận chính trị<br>Ho Chi Minh ideology textbook for non-politics majored students','Bộ Giáo dục và Đào tạoMinistry of Education and Training','Nhà xuất bản Chính trị quốc gia sự thậtTruth National Political Publishing House',NULL,'1','',1,0,1,'Giáo trình có thể download bản mềm tại:(Textbook can be downloaded at)https://moet.gov.vn/van-ban/vbdh/Pages/chi-tiet-van-ban.aspx?ItemID=2729#divShowDialogDownload. Thư viện chỉ đặt mua bản cứng số lượng ít.',1,7),(189,34,'Giáo trình Tư tưởng Hồ Chí Minh, dùng cho sinh viên bậc đại học hệ chuyên ngành lý luận chính trị<br>Ho Chi Minh ideology textbook for politics majored students','Bộ Giáo dục và Đào tạoMinistry of Education and Training','Nhà xuất bản Chính trị quốc gia sự thậtTruth National Political Publishing House',NULL,'1','',0,1,0,'',1,7),(190,34,'Hồ Chí Minh toàn tập<br>The Selected Works of Ho Chi Minh','Hồ Chí Minh','Nhà xuất bản Chính trị quốc gia National Political Publishing House',NULL,'1','',0,0,1,'',1,7),(191,34,'Hồ Chí Minh a life','William J. Duiker','Nhà xuất bản Hyperion, New York Hyperion Publishing, New York',NULL,'1','',0,0,1,'',1,7),(192,35,'Giáo trình Chủ nghĩa xã hội khoa học, dùng cho sinh viên đại học hệ không chuyên lý luận chính trị<br>Scientific socialism textbook for non-politics majored students','Bộ Giáo dục và Đào tạoMinistry of Education and Training','Nhà xuất bản Chính trị quốc gia sự thậtTruth National Political Publishing House',NULL,'1','',1,0,1,'Giáo trình có thể download bản mềm tại:(Textbook can be downloaded at)https://moet.gov.vn/van-ban/vbdh/Pages/chi-tiet-van-ban.aspx?ItemID=2729#divShowDialogDownload. Thư viện chỉ đặt mua bản cứng số lượng ít.',1,7),(193,35,'Giáo trình Chủ nghĩa xã hội khoa học, dùng cho sinh viên đại học hệ chuyên lý luận chính trị<br>Scientific socialism textbook for politics majored students','Bộ Giáo dục và Đào tạoMinistry of Education and Training','Nhà xuất bản Chính trị quốc gia sự thậtTruth National Political Publishing House',NULL,'1','',0,1,0,'',1,7),(194,35,'Giáo trình Chủ nghĩa xã hội khoa học<br>Scientific socialism textbook','Bộ Giáo dục và Đào tạoMinistry of Education and Training','Vietnam Education Publishing House',NULL,'','',0,1,0,'',1,7),(195,35,'C. Mác và Ph. Ăngghen: Toàn tập<br>Marx/Engels Collected Works','C. Mác và Ph. Ăngghen','Nhà xuất bản Chính trị quốc giaNational Political Publishing House',NULL,'1','',0,1,0,'',1,7),(196,35,'V.I. Lênnin: Toàn tập<br>Selected works [of] V. I. Lenin','V.I. Lênnin','Nhà xuất bản Chính trị quốc giaNational Political Publishing House',NULL,'1','',0,1,0,'',1,7),(197,36,'The Student’s Guide of Capstone Project (CPro_StudentGuide_IS_2021Fall)','','',NULL,'','',1,0,0,'Bản mềm, tài liệu xây dựng bởi FU',1,7),(198,36,'Graduated Regulation (Quy che tot nghiep)','','',NULL,'','',1,0,0,'Bản mềm, tài liệu xây dựng bởi FU',1,7),(199,36,'Project Templates (on CMS)','','',NULL,'','',1,0,0,'Bản mềm, tài liệu xây dựng bởi FU',1,7),(200,37,'Giáo trình Lịch sử Đảng Cộng sản Việt Nam (Dành cho sinh viên đại học, cao đẳng khối không chuyên ngành Mác – Lênin, tư tưởng Hồ Chí Minh)<br>History of CPV textbook for students whose major is not Marxism-Leninism and Ho Chi Minh ideology','Bộ Giáo dục và Đào tạoMinistry of Education and Training','Nhà xuất bản Chính trị quốc gia sự thậtTruth National Political Publishing House',NULL,'1','',1,0,1,'Giáo trình có thể download bản mềm tại:(Textbook can be downloaded at)https://moet.gov.vn/van-ban/vbdh/Pages/chi-tiet-van-ban.aspx?ItemID=2729#divShowDialogDownload. Thư viện chỉ đặt mua bản cứng số lượng ít.',1,7),(201,37,'Giáo trình Lịch sử Đảng Cộng sản Việt Nam (Dành cho sinh viên đại học, cao đẳng chuyên ngành Mác – Lênin, tư tưởng Hồ Chí Minh)<br>History of CPV textbook for students whose major is Marxism-Leninism and Ho Chi Minh ideology','Bộ Giáo dục và Đào tạoMinistry of Education and Training','Nhà xuất bản Chính trị quốc gia sự thậtTruth National Political Publishing House',NULL,'1','',0,1,0,'',1,7),(202,37,'Hồ Chí Minh toàn tập, tập 1 đến tập 15<br>The Selected Works of Ho Chi Minh, Vol. 1 to 5','Hồ Chí Minh','Nhà xuất bản Chính trị quốc gia National Political Publishing House',NULL,'1','',0,0,1,'',1,7),(203,37,'Lịch sử Đảng Cộng sản Việt Nam, tập 1<br>History of the Communist Party of Vietnam, Vol. 1','Institute of History','Nhà xuất bản Chính trị quốc gia National Political Publishing House',NULL,'1','',0,0,1,'',1,7),(204,37,'Chiến tranh cách mạng Việt Nam 1945-1975, thắng lợi và bài học<br>Vietnamese Revolutionary War, 1945–1975: Victory and Lessons','Ban chỉ đạo tổng kết chiến tranh trực thuộc Bộ chính trị','Nhà xuất bản Chính trị quốc gia National Political Publishing House',NULL,'1','',0,0,1,'',1,7),(205,37,'Báo cáo tổng kết một số vấn đề lý luận thực tiễn qua 30 năm đổi mới<br>The final report on the summary of some theoretical-practical issues over the past 30 years of innovation','Đảng Cộng sản Việt Nam, Ban chấp hành Trung ương, Ban chỉ đạo tổng kết<br>Communist Party of Vietnam, Central Committee of the Communist Party of Vietnam,National Steering Committee','Nhà xuất bản Chính trị quốc gia National Political Publishing House',NULL,'1','',0,0,1,'',1,7),(206,37,'Văn kiện Đại hội đại biểu toàn quốc lần thứ XII<br>Political report of the 13th Party Congress','Đảng Cộng sản Việt Nam<br>Communist Party of Vietnam','Nhà xuất bản Chính trị quốc gia National Political Publishing House',NULL,'1','',0,0,1,'',1,7),(207,38,'Java 8 Specification<br>https://docs.oracle.com/javase/specs/jvms/se8/html/jvms-1.html#jvms-1.1','','',NULL,'','',0,0,1,'',1,7),(208,38,'Core Java, Volum 1: Fundamentals','Cay Horstmann','Pearson',NULL,'11th','978-0135166307',0,1,0,'',1,7),(209,38,'Core Java, Volum 2: Advanced features','Cay Horstmann','Pearson',NULL,'11th','978-0135166314',0,1,0,'',1,7),(210,38,'Object-Oriented Programming using Java (website (offline): Học liệu do FU biên soạn)','','',NULL,'','',1,0,0,'',1,7);
/*!40000 ALTER TABLE `material` ENABLE KEYS */;
UNLOCK TABLES;

--
-- Table structure for table `plo`
--

DROP TABLE IF EXISTS `plo`;
/*!40101 SET @saved_cs_client     = @@character_set_client */;
/*!50503 SET character_set_client = utf8mb4 */;
CREATE TABLE `plo` (
  `ploid` int NOT NULL AUTO_INCREMENT,
  `ploName` varchar(150) CHARACTER SET utf8 COLLATE utf8_general_ci NOT NULL,
  `ploDescription` varchar(3000) CHARACTER SET utf8 COLLATE utf8_general_ci NOT NULL,
  `isActive` tinyint(1) NOT NULL,
  PRIMARY KEY (`ploid`)
) ENGINE=InnoDB AUTO_INCREMENT=83 DEFAULT CHARSET=utf8mb4 COLLATE=utf8mb4_0900_ai_ci;
/*!40101 SET character_set_client = @saved_cs_client */;

--
-- Dumping data for table `plo`
--

LOCK TABLES `plo` WRITE;
/*!40000 ALTER TABLE `plo` DISABLE KEYS */;
INSERT INTO `plo` VALUES (1,'PLO1','Demonstrate basic knowledge of social sciences, politics and law, national security and defense, contributing to the formation of worldview and scientific methodology.',1),(2,'PLO2','Demonstrate an entrepreneurial, creative, critical, and problem-solving mindset.',1),(3,'PLO3','Communicating and working in groups effectively in academic and practical environments.',1),(4,'PLO4','Use English proficiently in communication and learning (equivalent to level 4 according to the 6-level Foreign Language Proficiency Framework for Vietnam, IELTS 6.0 or TOEFL (paper) 575-600 or TOEFL (iBT) 90 -100; and be able to communicate simply in Japanese.',1),(5,'PLO5','Demonstrate professional behaviors, morality, social responsibilities and a sense of dedication to community.',1),(6,'PLO6','Be mentally and physically strong, be capable of expressing national identity and integrating confidently into the world.',1),(7,'PLO7','Develop self-study and lifelong learning spirit and capabilities to adapt to the constant change of technology and society.',1),(8,'PLO8','Be able to explain and apply essential mathematical knowledge related to information technology: Calculus, discrete math, linear algebra.',1),(9,'PLO9','Be able to explain at a basic level the concepts related to computer architecture, operating systems, computer networks, databases…',1),(10,'PLO10','Be able to apply knowledge of programming, software development (including data structures and algorithms, programming techniques, object-oriented programming…) to develop applications',1),(11,'PLO11','Be able to explain different viewpoints on professional ethics, the role of careers in the IT field and related skills to choose the right major in the later stage.',1),(12,'PLO12','Be able to apply knowledge of business, society, knowledge of management (especially project management) in professional work.',1),(13,'PLO13','Be able to explain the roles and responsibilities of a software engineering specialist.',1),(14,'PLO14','Be able to explain the software development and production process; apply relevant theories, models, and techniques to various issues such as problem identification and analysis, design, development, testing, and implementation of software.',1),(15,'PLO15','Be able to build software systems: web applications, mobile applications, open source applications that meet requirements.',1),(16,'PLO16','Be able to evaluate techniques and technologies related to software engineering, highlighting strengths and weaknesses of techniques and technologies.',1),(17,'PLO17','Be able to update and utilize advanced tools and techniques in the field of software engineering in particular and IT in general.',1),(18,'PLO18','Have in-depth knowledge and skills in the persuited major or extensive knowledge and skills in the major close to the persuited major.',1),(19,'PLO1','Demonstrate basic knowledge of social sciences, politics and law, national security and defense, contributing to the formation of worldview and scientific methodology.',1),(20,'PLO2','Demonstrate an entrepreneurial, creative, critical, and problem-solving mindset.',1),(21,'PLO3','Communicating and working in groups effectively in academic and practical environments.',1),(22,'PLO4','Use English proficiently in communication and learning (equivalent to level 4 according to the 6-level Foreign Language Proficiency Framework for Vietnam, IELTS 6.0 or TOEFL (paper) 575-600 or TOEFL (iBT) 90 -100; and be able to communicate simply in Japanese.',1),(23,'PLO5','Demonstrate professional behaviors, morality, social responsibilities and a sense of dedication to community.',1),(24,'PLO6','Be mentally and physically strong, be capable of expressing national identity and integrating confidently into the world.',1),(25,'PLO7','Develop self-study and lifelong learning spirit and capabilities to adapt to the constant change of technology and society.',1),(26,'PLO8','Be able to explain and apply essential mathematical knowledge related to information technology: Calculus, discrete math, linear algebra.',1),(27,'PLO9','Be able to explain at a basic level the concepts related to computer architecture, operating systems, computer networks, databases…',1),(28,'PLO10','Be able to apply knowledge of programming, software development (including data structures and algorithms, programming techniques, object-oriented programming…) to develop applications',1),(29,'PLO11','Be able to explain different viewpoints on professional ethics, the role of careers in the IT field and related skills to choose the right major in the later stage.',1),(30,'PLO12','Be able to apply knowledge of business, society, knowledge of management (especially project management) in professional work.',1),(31,'PLO13','Be able to explain the roles and responsibilities of a software engineering specialist.',1),(32,'PLO14','Be able to explain the software development and production process; apply relevant theories, models, and techniques to various issues such as problem identification and analysis, design, development, testing, and implementation of software.',1),(33,'PLO15','Be able to build software systems: web applications, mobile applications, open source applications that meet requirements.',1),(34,'PLO16','Be able to evaluate techniques and technologies related to software engineering, highlighting strengths and weaknesses of techniques and technologies.',1),(35,'PLO17','Be able to update and utilize advanced tools and techniques in the field of software engineering in particular and IT in general.',1),(36,'PLO18','Have in-depth knowledge and skills in the persuited major or extensive knowledge and skills in the major close to the persuited major.',1),(37,'PLO1','Demonstrate basic knowledge of social sciences, politics and law, national security and defense, contributing to the formation of worldview and scientific methodology.',1),(38,'PLO2','Demonstrate an entrepreneurial, creative, critical, and problem-solving mindset.',1),(39,'PLO3','Communicating and working in groups effectively in academic and practical environments.',1),(40,'PLO4','Use English proficiently in communication and learning (equivalent to level 4 according to the 6-level Foreign Language Proficiency Framework for Vietnam, IELTS 6.0 or TOEFL (paper) 575-600 or TOEFL (iBT) 90 -100; and be able to communicate simply in Japanese.',1),(41,'PLO5','Demonstrate professional behaviors, morality, social responsibilities and a sense of dedication to community.',1),(42,'PLO6','Be mentally and physically strong, be capable of expressing national identity and integrating confidently into the world.',1),(43,'PLO7','Develop self-study and lifelong learning spirit and capabilities to adapt to the constant change of technology and society.',1),(44,'PLO8','Be able to explain and apply essential mathematical knowledge related to information technology: Calculus, discrete math, linear algebra.',1),(45,'PLO9','Be able to explain at a basic level the concepts related to computer architecture, operating systems, computer networks, databases…',1),(46,'PLO10','Be able to apply knowledge of programming, software development (including data structures and algorithms, programming techniques, object-oriented programming…) to develop applications',1),(47,'PLO11','Be able to explain different viewpoints on professional ethics, the role of careers in the IT field and related skills to choose the right major in the later stage.',1),(48,'PLO12','Be able to apply knowledge of business, society, knowledge of management (especially project management) in professional work.',1),(49,'PLO13','Be able to explain the roles and responsibilities of a software engineering specialist.',1),(50,'PLO14','Be able to explain the software development and production process; apply relevant theories, models, and techniques to various issues such as problem identification and analysis, design, development, testing, and implementation of software.',1),(51,'PLO15','Be able to build software systems: web applications, mobile applications, open source applications that meet requirements.',1),(52,'PLO16','Be able to evaluate techniques and technologies related to software engineering, highlighting strengths and weaknesses of techniques and technologies.',1),(53,'PLO17','Be able to update and utilize advanced tools and techniques in the field of software engineering in particular and IT in general.',1),(54,'PLO18','Have in-depth knowledge and skills in the persuited major or extensive knowledge and skills in the major close to the persuited major.',1),(55,'PLO1','Have basic knowledge of social science, law and politics, national security and defense, contribute to form a worldview and scientific methodology.',1),(56,'PLO2','Have the mindset of entrepreneurship, creativity, critical thinking, problem solving.',1),(57,'PLO3','Communicate and team work effectively in academic and practical environments.',1),(58,'PLO4','Good at English to communicate and study; can simply communicate in a second foreign language',1),(59,'PLO5','Be professional, ethical, have social responsibility, have a spirit of service to the community',1),(60,'PLO6','Be strong mentally and physically, express the national identity, and confidently integrate into the world.',1),(61,'PLO7','Have the spirit of self-study, lifelong learning, adapt to the continuous changes of technology and society',1),(62,'PLO8','Understand and analyse internal and external factors that affect enterprises’ businesses.',1),(63,'PLO9','Flexibly apply knowledge, skills of business administration, and tools for business analysis and implementation into operation and management of business activities in company.',1),(64,'PLO10','Have positive professional ethics including deliberation, risk awareness, respect and compliance to occupational regulations and business ethics, for the sake of customers and society.',1),(65,'PLO11','Understand and analyze business environments of hotels, influential factors to activities of hotel management, and evolution of trends pertaining to hotels management',1),(66,'PLO12','Have skills and techniques to manage activities in hotel operations and administrations.',1),(67,'PLO13','Apply models as well as tools for analysis, operations, and management of activities in hotels',1),(68,'PLO14','Have in-depth knowledge and skills for Hotel Management or have fundamental knowledge and skills for a related major',1),(69,'PLO1','Have basic knowledge of social science, law and politics, national security and defense, contribute to form a worldview and scientific methodology.',1),(70,'PLO2','Have the mindset of entrepreneurship, creativity, critical thinking, problem solving.',1),(71,'PLO3','Communicate and team work effectively in academic and practical environments.',1),(72,'PLO4','Good at English to communicate and study; can simply communicate in a second foreign language',1),(73,'PLO5','Be professional, ethical, have social responsibility, have a spirit of service to the community',1),(74,'PLO6','Be strong mentally and physically, express the national identity, and confidently integrate into the world.',1),(75,'PLO7','Have the spirit of self-study, lifelong learning, adapt to the continuous changes of technology and society',1),(76,'PLO8','Understand and analyse internal and external factors that affect enterprises’ businesses.',1),(77,'PLO9','Flexibly apply knowledge, skills of business administration, and tools for business analysis and implementation into operation and management of business activities in company.',1),(78,'PLO10','Have positive professional ethics including deliberation, risk awareness, respect and compliance to occupational regulations and business ethics, for the sake of customers and society.',1),(79,'PLO11','Understand and analyze business environments of hotels, influential factors to activities of hotel management, and evolution of trends pertaining to hotels management',1),(80,'PLO12','Have skills and techniques to manage activities in hotel operations and administrations.',1),(81,'PLO13','Apply models as well as tools for analysis, operations, and management of activities in hotels',1),(82,'PLO14','Have in-depth knowledge and skills for Hotel Management or have fundamental knowledge and skills for a related major',1);
/*!40000 ALTER TABLE `plo` ENABLE KEYS */;
UNLOCK TABLES;

--
-- Table structure for table `plo_curriculum`
--

DROP TABLE IF EXISTS `plo_curriculum`;
/*!40101 SET @saved_cs_client     = @@character_set_client */;
/*!50503 SET character_set_client = utf8mb4 */;
CREATE TABLE `plo_curriculum` (
  `curid` int NOT NULL,
  `ploid` int NOT NULL,
  PRIMARY KEY (`curid`,`ploid`),
  KEY `fk_PLO_Curriculum_plo` (`ploid`),
  CONSTRAINT `fk_PLO_Curriculum_currriculum` FOREIGN KEY (`curid`) REFERENCES `curriculum` (`curid`),
  CONSTRAINT `fk_PLO_Curriculum_plo` FOREIGN KEY (`ploid`) REFERENCES `plo` (`ploid`)
) ENGINE=InnoDB DEFAULT CHARSET=utf8mb4 COLLATE=utf8mb4_0900_ai_ci;
/*!40101 SET character_set_client = @saved_cs_client */;

--
-- Dumping data for table `plo_curriculum`
--

LOCK TABLES `plo_curriculum` WRITE;
/*!40000 ALTER TABLE `plo_curriculum` DISABLE KEYS */;
INSERT INTO `plo_curriculum` VALUES (2,1),(2,2),(2,3),(2,4),(2,5),(2,6),(2,7),(2,8),(2,9),(2,10),(2,11),(2,12),(2,13),(2,14),(2,15),(2,16),(2,17),(2,18);
/*!40000 ALTER TABLE `plo_curriculum` ENABLE KEYS */;
UNLOCK TABLES;

--
-- Table structure for table `po`
--

DROP TABLE IF EXISTS `po`;
/*!40101 SET @saved_cs_client     = @@character_set_client */;
/*!50503 SET character_set_client = utf8mb4 */;
CREATE TABLE `po` (
  `poid` int NOT NULL AUTO_INCREMENT,
  `poName` varchar(150) NOT NULL,
  `poDescription` varchar(3000) NOT NULL,
  `isActive` tinyint(1) NOT NULL,
  PRIMARY KEY (`poid`)
) ENGINE=InnoDB AUTO_INCREMENT=6 DEFAULT CHARSET=utf8mb4 COLLATE=utf8mb4_0900_ai_ci;
/*!40101 SET character_set_client = @saved_cs_client */;

--
-- Dumping data for table `po`
--

LOCK TABLES `po` WRITE;
/*!40000 ALTER TABLE `po` DISABLE KEYS */;
INSERT INTO `po` VALUES (1,'PO1','Having basic knowledge of social sciences, politics and law, security and defense, foundational knowledge of the IT industry & in-depth knowledge of the specialized training: techniques, methods, technologies, in-depth application areas; development trends in the world; at the same time understand the overall market, context, functions and tasks of the professions in the specialized training.',1),(2,'PO2','Be able to work as a full member of a professional team in the field of training: participate in designing, selecting techniques and technologies in line with development trends, solving technical problems; understand technology trends and user requirements; can do the complete solution development plan; performance management and change management in his or her part of the job; understand state policies in specialized fields.',1),(3,'PO3','Mastering professional skills and soft skills of 21st century citizens (thinking skills, work skills, skills in using work tools, life skills in a global society.)',1),(4,'PO4','Can use English well in study and work and a second foreign language in normal communication.',1),(5,'PO5','Honesty, high discipline in study and work, know how to work effectively in groups; know how to behave culturally at work and in society; dynamic, creative and willing to learn constantly. Demonstrate professional attitude and behavior with the ability to conceive of ideas, design, implement and operate systems in the context of corporation and society.',1);
/*!40000 ALTER TABLE `po` ENABLE KEYS */;
UNLOCK TABLES;

--
-- Table structure for table `po_curriculum`
--

DROP TABLE IF EXISTS `po_curriculum`;
/*!40101 SET @saved_cs_client     = @@character_set_client */;
/*!50503 SET character_set_client = utf8mb4 */;
CREATE TABLE `po_curriculum` (
  `curid` int NOT NULL,
  `poid` int NOT NULL,
  PRIMARY KEY (`curid`,`poid`),
  KEY `fk_PO_Curriculum_po` (`poid`),
  CONSTRAINT `fk_PO_Curriculum_currriculum` FOREIGN KEY (`curid`) REFERENCES `curriculum` (`curid`),
  CONSTRAINT `fk_PO_Curriculum_po` FOREIGN KEY (`poid`) REFERENCES `po` (`poid`)
) ENGINE=InnoDB DEFAULT CHARSET=utf8mb4 COLLATE=utf8mb4_0900_ai_ci;
/*!40101 SET character_set_client = @saved_cs_client */;

--
-- Dumping data for table `po_curriculum`
--

LOCK TABLES `po_curriculum` WRITE;
/*!40000 ALTER TABLE `po_curriculum` DISABLE KEYS */;
INSERT INTO `po_curriculum` VALUES (2,1),(2,2),(2,3),(2,4),(2,5);
/*!40000 ALTER TABLE `po_curriculum` ENABLE KEYS */;
UNLOCK TABLES;

--
-- Table structure for table `po_mapping_plo`
--

DROP TABLE IF EXISTS `po_mapping_plo`;
/*!40101 SET @saved_cs_client     = @@character_set_client */;
/*!50503 SET character_set_client = utf8mb4 */;
CREATE TABLE `po_mapping_plo` (
  `curid` int NOT NULL,
  `ploid` int NOT NULL,
  `poid` int NOT NULL,
  `isMapping` bit(1) NOT NULL,
  PRIMARY KEY (`curid`,`poid`,`ploid`),
  KEY `fk_PO_Mapping_PLO` (`poid`),
  KEY `fk_PLO_Mapping_PO` (`ploid`),
  CONSTRAINT `fk_PLO_Mapping_PO` FOREIGN KEY (`ploid`) REFERENCES `plo` (`ploid`),
  CONSTRAINT `fk_PLO_Mapping_PO_Curriculum` FOREIGN KEY (`curid`) REFERENCES `curriculum` (`curid`),
  CONSTRAINT `fk_PO_Mapping_PLO` FOREIGN KEY (`poid`) REFERENCES `po` (`poid`)
) ENGINE=InnoDB DEFAULT CHARSET=utf8mb4 COLLATE=utf8mb4_0900_ai_ci;
/*!40101 SET character_set_client = @saved_cs_client */;

--
-- Dumping data for table `po_mapping_plo`
--

LOCK TABLES `po_mapping_plo` WRITE;
/*!40000 ALTER TABLE `po_mapping_plo` DISABLE KEYS */;
INSERT INTO `po_mapping_plo` VALUES (2,1,1,_binary ''),(2,2,1,_binary ''),(2,8,1,_binary ''),(2,9,1,_binary ''),(2,10,1,_binary ''),(2,17,1,_binary ''),(2,18,1,_binary ''),(2,4,2,_binary ''),(2,6,2,_binary ''),(2,17,2,_binary ''),(2,18,2,_binary ''),(2,2,3,_binary ''),(2,3,3,_binary ''),(2,12,3,_binary ''),(2,14,3,_binary ''),(2,15,3,_binary ''),(2,16,3,_binary ''),(2,17,3,_binary ''),(2,4,4,_binary ''),(2,7,4,_binary ''),(2,17,4,_binary ''),(2,18,4,_binary ''),(2,2,5,_binary ''),(2,3,5,_binary ''),(2,5,5,_binary ''),(2,7,5,_binary ''),(2,12,5,_binary '');
/*!40000 ALTER TABLE `po_mapping_plo` ENABLE KEYS */;
UNLOCK TABLES;

--
-- Table structure for table `prerequisite`
--

DROP TABLE IF EXISTS `prerequisite`;
/*!40101 SET @saved_cs_client     = @@character_set_client */;
/*!50503 SET character_set_client = utf8mb4 */;
CREATE TABLE `prerequisite` (
  `preID` int NOT NULL AUTO_INCREMENT,
  `slbid` int DEFAULT NULL,
  `subjectCode` varchar(255) DEFAULT NULL,
  `preReqCode` varchar(3000) NOT NULL,
  PRIMARY KEY (`preID`),
  KEY `fk_preRequisite_subject` (`subjectCode`),
  KEY `fk_preRequisite_syllabus` (`slbid`),
  CONSTRAINT `fk_preRequisite_subject` FOREIGN KEY (`subjectCode`) REFERENCES `subject` (`subjectCode`),
  CONSTRAINT `fk_preRequisite_syllabus` FOREIGN KEY (`slbid`) REFERENCES `syllabus` (`slbid`)
) ENGINE=InnoDB AUTO_INCREMENT=43 DEFAULT CHARSET=utf8mb4 COLLATE=utf8mb4_0900_ai_ci;
/*!40101 SET character_set_client = @saved_cs_client */;

--
-- Dumping data for table `prerequisite`
--

LOCK TABLES `prerequisite` WRITE;
/*!40000 ALTER TABLE `prerequisite` DISABLE KEYS */;
INSERT INTO `prerequisite` VALUES (1,1,NULL,'None'),(2,2,NULL,''),(3,3,NULL,''),(4,4,NULL,'None'),(5,5,NULL,'None'),(6,6,NULL,'None'),(7,7,NULL,'None'),(8,8,NULL,''),(9,9,NULL,''),(10,10,'PRF192','PRF192'),(11,11,NULL,'None'),(12,12,'PRO192','PRO192'),(13,13,NULL,''),(14,14,NULL,'Không'),(15,15,'PRO192','PRO192'),(16,16,NULL,'None'),(17,17,NULL,'Familiarity with C programming'),(18,18,'PRJ301','PRJ301 (Java Web Application Development)'),(19,19,'JPD113','JPD113'),(20,20,'MAE101','MAE101'),(21,21,'DBI202','DBI202'),(22,21,'PRO192','PRO192'),(23,22,'PRO192','PRO192 (not applied for the BIT_AI17 programs)'),(24,23,NULL,''),(25,24,'SWE201c','SWE201c'),(26,25,'SWE201c','SWE201c'),(27,26,NULL,'None'),(28,27,NULL,'Students attain 90% of the total credits from term 1-term 5 (excluding Physical Education and OTP Programs)'),(29,28,'PRO192','PRO192'),(30,29,'SWE201c','SWE201c'),(31,29,'PRO192','PRO192'),(32,30,NULL,'None'),(33,31,NULL,'None'),(34,32,NULL,''),(35,33,NULL,''),(36,34,'MLN111','MLN111'),(37,34,'MLN122','MLN122'),(38,35,'MLN111','MLN111'),(39,35,'MLN122','MLN122'),(40,36,NULL,'Successfully complete (*) below topics: - Project Management – PMG201c or PMG202c - Software Architecture and Design – SWD391 or SWD392 o Pass 60% of total credits of selected combo. o Pass OJT202 (not apply to international students) o Pass 80% of total credits (PHE_COM* and OJT excluded) (*): FR must be greater than or equal to 4.'),(41,37,'MLN111','MLN111'),(42,37,'MLN122','MLN122');
/*!40000 ALTER TABLE `prerequisite` ENABLE KEYS */;
UNLOCK TABLES;

--
-- Table structure for table `role`
--

DROP TABLE IF EXISTS `role`;
/*!40101 SET @saved_cs_client     = @@character_set_client */;
/*!50503 SET character_set_client = utf8mb4 */;
CREATE TABLE `role` (
  `rid` int NOT NULL AUTO_INCREMENT,
  `rname` varchar(255) CHARACTER SET utf8 COLLATE utf8_general_ci NOT NULL,
  `status` int NOT NULL DEFAULT '1',
  `display_order` int NOT NULL,
  `description` longtext,
  `type` varchar(45) NOT NULL DEFAULT 'User Role',
  PRIMARY KEY (`rid`),
  UNIQUE KEY `rname` (`rname`)
) ENGINE=InnoDB AUTO_INCREMENT=9 DEFAULT CHARSET=utf8mb4 COLLATE=utf8mb4_0900_ai_ci;
/*!40101 SET character_set_client = @saved_cs_client */;

--
-- Dumping data for table `role`
--

LOCK TABLES `role` WRITE;
/*!40000 ALTER TABLE `role` DISABLE KEYS */;
INSERT INTO `role` VALUES (1,'Guest',1,8,NULL,'User Role'),(2,'Student',1,6,NULL,'User Role'),(3,'Teacher',1,5,NULL,'User Role'),(4,'Syllabus Designer',1,3,NULL,'User Role'),(5,'Head of CRDD',1,1,NULL,'User Role'),(6,'Admin',1,7,NULL,'User Role'),(7,'Staff of CRDD',1,2,NULL,'User Role'),(8,'Syllabus Reviewer',1,4,NULL,'User Role');
/*!40000 ALTER TABLE `role` ENABLE KEYS */;
UNLOCK TABLES;

--
-- Table structure for table `subject`
--

DROP TABLE IF EXISTS `subject`;
/*!40101 SET @saved_cs_client     = @@character_set_client */;
/*!50503 SET character_set_client = utf8mb4 */;
CREATE TABLE `subject` (
  `subjectCode` varchar(255) NOT NULL,
  `subjectName_En` varchar(255) NOT NULL,
  `subjectName_Vi` varchar(255) CHARACTER SET utf8 COLLATE utf8_general_ci NOT NULL,
  `semester` varchar(100) NOT NULL,
  `noCredit` int NOT NULL,
  `note` varchar(3000) CHARACTER SET utf8 COLLATE utf8_general_ci DEFAULT NULL,
  `isCombo` tinyint(1) NOT NULL,
  `comboName` varchar(255) DEFAULT NULL,
  `isElective` tinyint(1) NOT NULL,
  `electiveName` varchar(255) DEFAULT NULL,
  `createDate` date DEFAULT NULL,
  `isActive` tinyint(1) NOT NULL,
  PRIMARY KEY (`subjectCode`)
) ENGINE=InnoDB DEFAULT CHARSET=utf8mb4 COLLATE=utf8mb4_0900_ai_ci;
/*!40101 SET character_set_client = @saved_cs_client */;

--
-- Dumping data for table `subject`
--

LOCK TABLES `subject` WRITE;
/*!40000 ALTER TABLE `subject` DISABLE KEYS */;
INSERT INTO `subject` VALUES ('AIL302m','Machine Learning','Học máy','7',3,'',0,'',0,'','2023-04-10',1),('AIT301','AI with Tensorflow','AI với Tensorflow','8',3,'',0,'',0,'','2023-04-10',1),('CEA201','Computer Organization and Architecture','Tổ chức và Kiến trúc máy tính','1',3,'',0,'',0,'','2023-04-10',1),('COV111','Chess 1','Cờ Vua 1','0',2,'',0,'',0,'','2023-04-10',1),('COV121','Chess 2','Cờ Vua 2','1',2,'',0,'',0,'','2023-04-10',1),('COV131','Chess 3','Cờ Vua 3','2',2,'',0,'',0,'','2023-04-10',1),('CPV301','Computer Vision','Thị giác máy tính','8',3,'',0,'',0,'','2023-04-10',1),('CSD201','Data Structures and Algorithms','Cấu trúc dữ liệu và giải thuật','3',3,'',0,'',0,'','2023-04-10',1),('CSI104','Introduction to Computer','Nhập môn khoa học máy tính','1',3,'',0,'',0,'','2023-04-10',1),('ĐBA102','Traditional musical instrument','Nhạc cụ truyền thống-Đàn Bầu','0',3,'',0,'',0,'','2023-04-10',1),('DBI202','Introduction to Databases','ICác hệ cơ sở dữ liệu','3',3,'',0,'',0,'','2023-04-10',1),('DMT301','Data mining with Tensorflow','Khai phá dữ liệu với Tensorflow','8',3,'',0,'',0,'','2023-04-10',1),('ĐNG102','Traditional musical instrument','Nhạc cụ truyền thống-Đàn Nguyệt','0',3,'',0,'',0,'','2023-04-10',1),('ĐNH102','Traditional musical instrument','Nhạc cụ truyền thống-Đàn Nhị','0',3,'',0,'',0,'','2023-04-10',1),('ĐSA102','Traditional musical instrument','Nhạc cụ truyền thống-Sáo trúc','0',3,'',0,'',0,'','2023-04-10',1),('ĐTB102','Traditional musical instrument','Nhạc cụ truyền thống-Đàn Tỳ bà','0',3,'',0,'',0,'','2023-04-10',1),('ĐTR102','Traditional musical instrument','Nhạc cụ truyền thống-Đàn Tranh','0',3,'',0,'',0,'','2023-04-10',1),('ENW492c','Academic Writing Skills','Kỹ năng viết học thuật','6',3,'',0,'',0,'','2023-04-10',1),('EXE_ELE','Entrepreneurship Group 1','Nhóm học phần Khởi nghiệp 1','7',3,'Elective',0,'',1,'EXE_ELE','2023-04-10',1),('EXE101','Experiential Entrepreneurship 1','Trải nghiệm khởi nghiệp 1','7',3,'',0,'',0,'','2023-04-10',1),('EXE201','Experiential Entrepreneurship 2','Trải nghiệm khởi nghiệp 2','8',3,'',0,'',0,'','2023-04-10',1),('FER201m','Front-End web development with React','Phát triển web Front-End với React','5',3,'',0,'',0,'','2023-04-10',1),('HCM202','HCM Ideologyh','Tư tưởng Hồ Chí Minh','9',2,'',0,'',0,'','2023-04-10',1),('IMT301','Image Processing Technology','Công nghệ xử lý ảnh','7',3,'',0,'',0,'','2023-04-10',1),('IOT102','Internet of Things','Internet vạn vật','4',3,'',0,'',0,'','2023-04-10',1),('ISC301','E-Commerce','Thương mại điện tử','7',3,'',0,'',0,'','2023-04-10',1),('ITE302c','Ethics in IT','Đạo đức trong CNTT','5',3,'',0,'',0,'','2023-04-10',1),('JFE301','Japanese fundamental information technologyskill standards','JKỹ năng CNTT cơ bản của Nhật Bản','8',3,'',0,'',0,'','2023-04-10',1),('JIT401','Information Technology Japanese','Tiếng Nhật công nghệ thông tin','8',3,'',0,'',0,'','2023-04-10',1),('JPD113','Elementary Japanese 1- A1.1','Tiếng Nhật sơ cấp 1-A1.1','3',3,'',0,'',0,'','2023-04-10',1),('JPD123','Elementary Japanese 1-A1.2','Tiếng Nhật sơ cấp 1-A1.2','4',3,'',0,'',0,'','2023-04-10',1),('JPD133','Elementary Japanese 1-A1/A2','Tiếng Nhật sơ cấp 1-A1/A2','5',3,'',0,'',0,'','2023-04-10',1),('JPD316','Intermediate Japanese 1-B1/B2','Tiếng Nhật trung cấp 1-B1/B2','7',3,'',0,'',0,'','2023-04-10',1),('JPD326','Intermediate Japanese 2-B2.1','Tiếng Nhật trung cấp 2-B2.1','8',6,'',0,'',0,'','2023-04-10',1),('KOR311','Intermediate Korean Language 1','Hàn ngữ trung cấp 1','7',6,'',0,'',0,'','2023-04-10',1),('KOR321','Intermediate Korean Language 2','Hàn ngữ trung cấp 2','8',3,'',0,'',0,'','2023-04-10',1),('KOR411','Intermediate Korean Language 3','Hàn ngữ trung cấp 3','8',6,'',0,'',0,'','2023-04-10',1),('LAB211','OOP with Java Lab','Thực hành OOP với Java','3',3,'',0,'',0,'','2023-04-10',1),('MAD101','Discrete mathematics','Toán rời rạc','2',3,'',0,'',0,'','2023-04-10',1),('MAE101','Mathematics for Engineering','Toán cho ngành kỹ thuật','1',3,'',0,'',0,'','2023-04-10',1),('MAS291','Statistics & Probability','Xác suất thống kê','4',3,'',0,'',0,'','2023-04-10',1),('MLN111','Philosophy of Marxism – Leninism','Triết học Mác - Lê-nin','8',3,'',0,'',0,'','2023-04-10',1),('MLN122','Political economics of Marxism – Leninism','Kinh tế chính trị Mác - Lê-nin','8',2,'',0,'',0,'','2023-04-10',1),('MLN131','Scientific socialism','Chủ nghĩa xã hội khoa học','9',2,'',0,'',0,'','2023-04-10',1),('MLT301','Machine Learning with Tensorflow','Học máy với Tensorflow','7',3,'',0,'',0,'','2023-04-10',1),('MMA301','Multiplatform Mobile App Development','Phát triển ứng dụng di động đa nền tảng','8',3,'',0,'',0,'','2023-04-10',1),('NWC203c','Computer Networking','Mạng máy tính','2',3,'',0,'',0,'','2023-04-10',1),('OJT202','On-The-Job Training','Đào tạo trong môi trường thực tế','6',10,'',0,'',0,'','2023-04-10',1),('OSG202','Operating Systems','Hệ điều hành','2',3,'',0,'',0,'','2023-04-10',1),('OTP101','Orientation and General Training Program','Định hướng và Rèn luyện tập trung','0',0,'',0,'',0,'','2023-04-10',1),('PEN','Preparation English','Tiếng Anh chuẩn bị','0',0,'',0,'',0,'','2023-04-10',1),('PHE_COM*1','Physical Education 1','TGiáo dục thể chất 1','0',2,'Combo',1,'PHE_COM',0,'','2023-04-10',1),('PHE_COM*2','Physical Education 2','Giáo dục thể chất 2','1',2,'Combo',1,'PHE_COM',0,'','2023-04-10',1),('PHE_COM*3','Physical Education 3','Giáo dục thể chất 3','2',2,'Combo',1,'PHE_COM',0,'','2023-04-10',1),('PMG202c','Project management','Quản trị dự án','8',3,'',0,'',0,'','2023-04-10',1),('PRF192','Programming Fundamentals','Cơ sở lập trình','1',3,'',0,'',0,'','2023-04-10',1),('PRJ301','Java Web Application Development','Phát triển ứng dụng Java web','4',3,'',0,'',0,'','2023-04-10',1),('PRM392','Mobile Programming','Lập trình di động','7',3,'',0,'',0,'','2023-04-10',1),('PRN211','Basis Cross-Platform Application Programming With .NET','Lập trình ứng dụng đa nền tảng cơ bản với .NET','5',3,'',0,'',0,'','2023-04-10',1),('PRN221','Advanced Cross-Platform Application Programming With .NET','Lập trình ứng dụng đa nền tảng nâng cao với .NET','7',3,'',0,'',0,'','2023-04-10',1),('PRN231','Building Cross-Platform Back-End Application With .NET','Xây dựng ứng dụng back-end với .NET','8',3,'',0,'',0,'','2023-04-10',1),('PRO192','Object-Oriented Programming','Lập trình hướng đối tượng','2',3,'',0,'',0,'','2023-04-10',1),('PRP201c','Python programming','Lập trình Python','5',3,'',0,'',0,'','2023-04-10',1),('PRU211m','C# Programming and Unity','Lập trình C# và Unity','7',3,'',0,'',0,'','2023-04-10',1),('PRU221m','Object-Oriented Programming for Unity Games','Lập trình hướng đối tượng cho Unity Games','8',3,'',0,'',0,'','2023-04-10',1),('SDE301','Self-driving Car Engineering','Công nghệ ôtô tự lái','8',3,'',0,'',0,'','2023-04-10',1),('SDN301m','Server-Side development with NodeJS, Express, and MongoDB','Phát triển Server-Side với NodeJS, Express và MongoDB','7',3,'',0,'',0,'','2023-04-10',1),('SE_COM*1','Subject 1 of Combo*','Học phần 1 của combo*','5',3,'Combo',1,'SE_COM',0,'','2023-04-10',1),('SE_COM*2','Subject 2 of Combo*','Học phần 2 của combo*','7',3,'Combo',1,'SE_COM',0,'','2023-04-10',1),('SE_COM*3','Subject 3 of Combo*','Học phần 3 của combo*','7',3,'Combo',1,'SE_COM',0,'','2023-04-10',1),('SE_EXE_ELE','SE_Entrepreneurship 2 and Comboss','Nhóm môn Khởi nghiệp 2 và Combos','8',6,'Elective',0,'',1,'SE_EXE_ELE','2023-04-10',1),('SEP490','SE Capstone Project','Đồ án tốt nghiệp KTPM','9',10,'',0,'',0,'','2023-04-10',1),('SSG104','Communication and In-Group Working Skills','Kỹ năng giao tiếp và cộng tác','2',3,'',0,'',0,'','2023-04-10',1),('SSL101c','Academic Skills for University Success','Kỹ năng học tập đại học','1',3,'',0,'',0,'','2023-04-10',1),('SWD392','Software Architecture and Design','Kiến trúc và thiết kế phần mềm','7',3,'',0,'',0,'','2023-04-10',1),('SWE201c','Introduction to Software Engineering','Nhập môn kĩ thuật phần mềm','4',3,'',0,'',0,'','2023-04-10',1),('SWP391','Application development project','Dự án phát triển phần mềm','5',3,'',0,'',0,'','2023-04-10',1),('SWR302','Software Requirement','Yêu cầu phần mềm','5',3,'',0,'',0,'','2023-04-10',1),('SWT301','Software Testing','Kiểm thử phần mềm','5',3,'',0,'',0,'','2023-04-10',1),('SYB302c','Entrepreneurship','Khởi sự doanh nghiệp','7',3,'',0,'',0,'','2023-04-10',1),('TMI_ELE','Traditional musical instrument','Nhạc cụ truyền thống','0',3,'Elective',0,'',1,'TMI_ELE','2023-04-10',1),('TRG102','Traditional musical instrument','Nhạc cụ truyền thống-Trống dân tộc','0',3,'',0,'',0,'','2023-04-10',1),('VNR202','History of CPV','Lịch sử Đảng Cộng sản Việt Nam','9',2,'',0,'',0,'','2023-04-10',1),('VOV114','Vovinam 1','Võ 1','0',2,'',0,'',0,'','2023-04-10',1),('VOV124','Vovinam 2','Võ 2','1',2,'',0,'',0,'','2023-04-10',1),('VOV134','Vovinam 3','Võ 3','2',2,'',0,'',0,'','2023-04-10',1),('WDP301','Web Development Project','Dự án phát triển web','8',3,'',0,'',0,'','2023-04-10',1),('WDU203c','UI/UX Design','Thiết kế trải nghiệm người dùng','8',3,'',0,'',0,'','2023-04-10',1),('WED201c','Web Design','Thiết kế web','3',3,'',0,'',0,'','2023-04-10',1);
/*!40000 ALTER TABLE `subject` ENABLE KEYS */;
UNLOCK TABLES;

--
-- Table structure for table `subject_mapping_plo`
--

DROP TABLE IF EXISTS `subject_mapping_plo`;
/*!40101 SET @saved_cs_client     = @@character_set_client */;
/*!50503 SET character_set_client = utf8mb4 */;
CREATE TABLE `subject_mapping_plo` (
  `subjectCode` varchar(255) NOT NULL,
  `ploid` int NOT NULL,
  `isMapping` bit(1) DEFAULT NULL,
  PRIMARY KEY (`subjectCode`,`ploid`),
  KEY `fk_subject_mapping_plo_plo` (`ploid`),
  CONSTRAINT `fk_subject_mapping_plo_plo` FOREIGN KEY (`ploid`) REFERENCES `plo` (`ploid`),
  CONSTRAINT `fk_subject_mapping_plo_subject` FOREIGN KEY (`subjectCode`) REFERENCES `subject` (`subjectCode`)
) ENGINE=InnoDB DEFAULT CHARSET=utf8mb4 COLLATE=utf8mb4_0900_ai_ci;
/*!40101 SET character_set_client = @saved_cs_client */;

--
-- Dumping data for table `subject_mapping_plo`
--

LOCK TABLES `subject_mapping_plo` WRITE;
/*!40000 ALTER TABLE `subject_mapping_plo` DISABLE KEYS */;
INSERT INTO `subject_mapping_plo` VALUES ('CEA201',9,_binary ''),('CSD201',10,_binary ''),('CSI104',9,_binary ''),('DBI202',9,_binary ''),('ENW492c',1,_binary ''),('ENW492c',4,_binary ''),('ENW492c',7,_binary ''),('ENW492c',13,_binary ''),('FER201m',14,_binary ''),('FER201m',15,_binary ''),('FER201m',16,_binary ''),('FER201m',17,_binary ''),('FER201m',18,_binary ''),('HCM202',1,_binary ''),('HCM202',3,_binary ''),('HCM202',5,_binary ''),('IOT102',18,_binary ''),('ITE302c',7,_binary ''),('ITE302c',11,_binary ''),('JPD113',3,_binary ''),('JPD113',4,_binary ''),('JPD113',5,_binary ''),('JPD123',3,_binary ''),('JPD123',4,_binary ''),('JPD123',5,_binary ''),('LAB211',9,_binary ''),('MAD101',8,_binary ''),('MAE101',8,_binary ''),('MAS291',8,_binary ''),('MLN111',1,_binary ''),('MLN111',3,_binary ''),('MLN111',5,_binary ''),('MLN122',1,_binary ''),('MLN122',3,_binary ''),('MLN122',5,_binary ''),('MLN131',1,_binary ''),('MLN131',3,_binary ''),('MLN131',5,_binary ''),('NWC203c',7,_binary ''),('NWC203c',9,_binary ''),('OJT202',5,_binary ''),('OJT202',13,_binary ''),('OJT202',14,_binary ''),('OJT202',15,_binary ''),('OJT202',16,_binary ''),('OJT202',17,_binary ''),('OSG202',9,_binary ''),('OTP101',1,_binary ''),('OTP101',3,_binary ''),('OTP101',5,_binary ''),('PEN',3,_binary ''),('PEN',4,_binary ''),('PMG202c',7,_binary ''),('PMG202c',12,_binary ''),('PRF192',10,_binary ''),('PRJ301',15,_binary ''),('PRJ301',16,_binary ''),('PRJ301',17,_binary ''),('PRM392',15,_binary ''),('PRM392',16,_binary ''),('PRM392',17,_binary ''),('PRO192',10,_binary ''),('SEP490',13,_binary ''),('SEP490',14,_binary ''),('SEP490',15,_binary ''),('SEP490',16,_binary ''),('SEP490',17,_binary ''),('SSG104',2,_binary ''),('SSG104',3,_binary ''),('SSG104',5,_binary ''),('SSL101c',2,_binary ''),('SSL101c',7,_binary ''),('SWD392',13,_binary ''),('SWD392',14,_binary ''),('SWE201c',7,_binary ''),('SWE201c',13,_binary ''),('SWE201c',14,_binary ''),('SWP391',17,_binary ''),('SWR302',14,_binary ''),('SWT301',14,_binary ''),('SWT301',16,_binary ''),('SYB302c',2,_binary ''),('SYB302c',7,_binary ''),('VNR202',1,_binary ''),('VNR202',3,_binary ''),('VNR202',5,_binary ''),('WDU203c',7,_binary ''),('WDU203c',14,_binary ''),('WDU203c',16,_binary ''),('WED201c',7,_binary ''),('WED201c',15,_binary ''),('WED201c',16,_binary ''),('WED201c',17,_binary '');
/*!40000 ALTER TABLE `subject_mapping_plo` ENABLE KEYS */;
UNLOCK TABLES;

--
-- Table structure for table `syllabus`
--

DROP TABLE IF EXISTS `syllabus`;
/*!40101 SET @saved_cs_client     = @@character_set_client */;
/*!50503 SET character_set_client = utf8mb4 */;
CREATE TABLE `syllabus` (
  `slbid` int NOT NULL AUTO_INCREMENT,
  `accountID` int NOT NULL DEFAULT '1',
  `subjectCode` varchar(255) NOT NULL,
  `decisionNo` varchar(150) CHARACTER SET utf8 COLLATE utf8_general_ci NOT NULL,
  `slbName_EN` varchar(255) NOT NULL,
  `slbName_VI` varchar(255) CHARACTER SET utf8 COLLATE utf8_general_ci NOT NULL,
  `degreeLevel` varchar(255) NOT NULL,
  `timeAllocation` varchar(1000) CHARACTER SET utf8 COLLATE utf8_general_ci NOT NULL,
  `description` varchar(7000) CHARACTER SET utf8 COLLATE utf8_general_ci NOT NULL,
  `studentTask` varchar(3000) NOT NULL,
  `tool` varchar(500) NOT NULL,
  `isApproved` tinyint(1) NOT NULL,
  `isActive` tinyint(1) NOT NULL,
  `approvedDate` date DEFAULT NULL,
  `note` varchar(1000) DEFAULT NULL,
  `MinAvgMarkToPass` int DEFAULT NULL,
  PRIMARY KEY (`slbid`),
  KEY `fk_syllabus_subject` (`subjectCode`),
  KEY `fk_syllabus_account` (`accountID`),
  KEY `fk_syllabus_decision` (`decisionNo`),
  CONSTRAINT `fk_syllabus_account` FOREIGN KEY (`accountID`) REFERENCES `account` (`accountID`),
  CONSTRAINT `fk_syllabus_decision` FOREIGN KEY (`decisionNo`) REFERENCES `decision` (`decisionNo`),
  CONSTRAINT `fk_syllabus_subject` FOREIGN KEY (`subjectCode`) REFERENCES `subject` (`subjectCode`)
) ENGINE=InnoDB AUTO_INCREMENT=44 DEFAULT CHARSET=utf8mb4 COLLATE=utf8mb4_0900_ai_ci;
/*!40101 SET character_set_client = @saved_cs_client */;

--
-- Dumping data for table `syllabus`
--

LOCK TABLES `syllabus` WRITE;
/*!40000 ALTER TABLE `syllabus` DISABLE KEYS */;
INSERT INTO `syllabus` VALUES (1,2,'OTP101','670/QĐ-ĐHFPT','Orientaiton and General Training Program','Định hướng và Rèn luyện tập trung','Bachelor','5 weeks (fulltime) = 280h<br>* Module 1: Orientation-Định hướng (1 week: 8h/day * 5 days = 40h)<br>* Module 2: Military Training-Giáo dục quốc phòng (110 slots * 1.5h/slot = 165h)<br>* Module 3: Experience Program 22 slots - 1.5h = 33 h<br>* Module 4: Vovinam 28 slots * 1,5h/slot = 42h','<p>Orientation and general training program includes 4 modules :<br />\r\n* Module 1: Orientation<br />\r\nMain activities of this module are:<br />\r\n- Organizing the opening ceremony for students.<br />\r\n- Organizing health check amd making students&#39; cards.<br />\r\n- Arranging classes for students and organizing class meeting.<br />\r\n- Introducing to students about FPT corporation, FPT university, functional departments, training regulations and how to use information systems to support students&#39; learning.<br />\r\n- Sharing study skills for university students.<br />\r\n- Sharing about topics related to community activities. ( For example: activities towards sustainable development, volunteering activities...)<br />\r\n* Module 2: Military training the program prescribed by the Ministry of Education and Training.Implementing the program prescribed by the Ministry of Education and Training.<br />\r\n* Module 3: Experience program<br />\r\nMain activities of this module are:<br />\r\n- Organizing research and review memoirs.<br />\r\n- Organizing seminars<br />\r\n- Organizing experiential activities for students (Towards sustainable development and volunteering for the community)<br />\r\n* Module 4: Vovinam<br />\r\nFollow the outline VOV114.<br />\r\nObjectives of orientation and training program are:<br />\r\n1) Instruct students to complete procedures before a new semester.<br />\r\n2) Provide students with knowledge about FPT corporation, FPT university and functional departments which support students during the period of study at the university.<br />\r\n3) Introduce to students about Curriculum, FU training model and regulations as well as how to use information systems to enable students to adapt new learning environment.<br />\r\n4) Educate students the fundamentals of military and national security, build and enrich patriotism, national pride through history lessons, seminars, documentaries, field trips to military bases and memoirs about two prolonged resistance wars of Viet Nam.<br />\r\n5) Train the willpower and improve physical strengths, fitness and sense of responsibilities through physical education lessons and combat practice in the field.<br />\r\n6) Train team spirit, disciplines, shape good attitude and behaviors towards friends, teachers and educational environment.<br />\r\n7) Enhance student experiences with extra-curricular activities. Strengthen the sense of community through community and volunteering activities and the ones towards the sustainable development.</p>\r\n','Attend enough activities of the university.','',1,1,'2022-08-05','test 1111',0),(2,2,'CEA201','1009/QĐ-ĐHFPT','Computer Organization and Architecture','Tổ chức và Kiến trúc máy tính','Bachelor','Study hour (150h) = 45h contact hours + 1h final exam + 104h self-study','This course in an introduction to computer architecture and organization. It will cover topics in both the physical design of the computer (organization) and the logical design of the computer (architecture). The main contents include the organization of a simple stored-program computer: CPU, busses and memory; Instruction sets, machine code, and assembly language; Conventions for assembly language generated by compilers; Floating-point number representation; Hardware organization of simple processors; Address translation and virtual memory; Very introductory examples of input/output devices, interrupt handling and multi-tasking systems.<br>Chapter covered: Computer Evolution and Performance; A Top-Level View of Computer Function and Interconnection; Cache Memory; Internal Memory; External Memory; Input/Output; Operating System Support; Instruction Sets: Characteristics and Functions; Processor Structure and Function; Reduced Instruction Set Computers; Instruction-Level Parallelism and Superscalar Processors; Parallel Processing; Multicore Computers.','Upon successful completion of this course, students should:<br>1. Knowledge:<br>- Understand the structure and function of computers generally and a distinction between computer organization and computer architecture.<br>- Understand computer organization: roles of processors, main memory, and interface between the computer and peripherals<br>- Understand computer architecture: instruction set, the number of bits used to represent various data types, I/O mechanism and techniques for addressing memory<br>2. Skills:<br>- Be able to solve binary math operations using the computer.<br>- Be able to write simple assembly language programs<br>- Be able to prepare engineering reports and do presentations scientifically<br>- Be able to apply knowledges to do research projects.','',0,1,'2022-12-22','',5),(3,2,'CSI104','1341/QĐ-ĐHFPT','Introduction to Computer Science','Nhập môn khoa học máy tính','Bachelor','Study hour (150h) = 45h contact hours + 1h final exam + 104h self-study','This course provides an overview of computer Fundamentals. Topics cover all areas of computer science in breadth such as computer organization, network, operating system, data structure , file structure, social and ethical issues.<br>Major Instructional Areas<br>- Introduction to Von Neumann Model and computer components<br>- Numbering system & data representation<br>- Different data types and operations on data<br>- The concepts of computer networking and internet<br>- Operating system<br>- Introduction to basic algorithms and algorithms representation<br>- Introduction to Data structure and File structure<br>- The concepts of database<br>- software engineering<br>- Computing Security & Ethics','\"Students must attend more than 80% of contact sessions in order to be accepted to the final examination.<br>- Students are responsible to do all exercises, assignments and labs given by instructor in class or at home and submit on time<br>- Use laptop in class only for learning purpose<br>- Promptly access to the http://cms.fpt.edu.vn for up-to-date course information\"','',0,1,'2022-12-22','',5),(4,2,'MAE101','1485/QĐ-ĐH-FPT','Mathematics for Engineering','Toán cho ngành kỹ thuật','Bachelor','Study hour (150h) = 45 contact hours (60 sessions) + 1 hour final exam + 104 hours self-study','','Students must attend more than 80% of contact hours in order to be accepted to the final examination.','',1,1,'2022-12-22','',5),(5,2,'PRF192','1341/QĐ-ĐHFPT','Programming Fundamentals','Cơ sở lập trình','Bachelor','Study hour (150h) = 45h contact hours + 1h final exam + 104h self-study','Understand basics of information theory, computer system and methods of software development, focus on function-oriented programming design, coding, testing and discipline in programming.<br>Explain basic concepts of programming, function-oriented programming design, modularity, understand and coding programs using C<br>Upon completing the course, student should have:<br>1. Knowledge: (ABET e)<br>- Explain the way to solve a real problem using computer .<br>- Understand the basic concepts of information theory, computer system, and software development.<br>- Understand the basic concepts of programming, focus on procedure programming, testing and debugging, unit testing<br>2. Skills in programming: (ABET k)<br>- Read and understand the simple C programs;<br>- Solve real problems using C<br>3. Apply learning methods effectively: (ABET i)<br>- academic reading<br>- individual and team work behaviors','','',1,1,'2022-12-22','',5),(6,2,'SSL101c','1009/QĐ-ĐHFPT','Academic Skills for University Success','Kỹ năng học tập ở Đại học','Bachelor','42 hours online + 9hrs offline (6 slots) + 1hr exam','Upon finishing the course, students can:<br>1) Knowledge: Understand<br>- Method to develop your Information & Digital Literacy Skills<br>- Method to develop your Problem Solving and Creativity Skills<br>- How to develop your Critical Thinking Skills<br>- How to develop your Communication Skills<br>2) Able to (ABET)<br>- Access, search, filter, manage and organize Information by using a variety of digital tools, from wide variety of source for use in academic study.<br>- Critically evaluate the reliability of sources and use digital tools for referencing in order to avoid plagiarism.<br>- Demonstrate awareness of ethical issues related to academic integrity surrounding the access and use of information<br>- Develop a toolkit to be able to identify real problems and goals within ill-defined problem & Recognize and apply analytical & creative problem solving technique<br>- Use a variety of thinking tools to improve critical thinking<br>- Identify types of argument, and bias within arguments<br>- Demonstrate, negotiate, and further understanding through spoken, written, visual, and conversational modes<br>- Effectively formulate arguments and communicate research findings through the process of researching, composing, and editing<br>3) Others: (ABET)<br>- Improve study skills (academic reading, information searching, ...)','1. Join the online course (spec.) when being invited by the admin.<br>2. Enroll in each MOOC of spec., regularly study MOOCs at least 5hrs/week by watching videos, reading materials, taking quizzes, doing assignments... as required<br>3. Respect the Coursera Code of Conduct, at https://learner.coursera.help/hc/en-us/articles/208280036-Coursera-Code-of-Conduct<br>3. Keep online learning progress promptly (bonus will be awarded)<br>4. Communicate and discuss in forum<br>5. Attend off-line sessions in the Campus (Optional)<br>6. Must complete all MOOCs of spec. with certification in order to take the Final Exam at Campus','',1,1,'2022-11-24','1) Ongoing assessment:<br>Student gets 0.2 bonus points for each course completed on time. The total bonus point is not greater than 1.<br>2) Theoretical Exam (TE)<br>3) Final Result (FR) =min (10, TE + Bonus)<br>4) Completion Criteria: TE>=4 and FR>=5',5),(7,2,'MAD101','1485/QĐ-ĐH-FPT','Discrete mathematics','Toán rời rạc','Bachelor','Study hour (150h) = 45 contact hours (60 sessions) + 1 hour final exam + 104 hours self-study','Upon finishing the course, students must acquire:<br>1. the following knowledge: (ABET a.1)<br>• Concepts of logical expressions & predicate logic.<br>• The method of induction and recursive definition.<br>• Concepts of algorithms, recursive algorithms, the complexity.<br>• Recurrence relations and divide-and-conquer algorithms.<br>• Application of integers and congruence in information technology.<br>• Set structure and map, counting principles and combinatorics concepts.<br>• The terminologies and properties of graphs & trees & weighted graphs.<br>• The applications of graphs, trees and weighted graphs in information technology.<br>2. the following skills: (ABET a.2)<br>• Manipulate logical expressions & produce equivalent logical expressions.<br>• Produce proof of simple mathematical propositions, including applying induction method.<br>• Evaluate complexity of algorithms.<br>• Solving simple congruence equations.<br>• Apply counting techniques in evaluating various set cardinalities.<br>• Solve counting problems, apply in analyze algorithms.<br>• Apply graph’s algorithms to solve problems related to graph theory.','Students must attend more than 80% of contact hours in order to be accepted to the final examination.','- Testbank for ST1.<br>- Powerpoint image in CD + Powerpoint prepared by previous lecturers (PP).<br>- Computerized tools (for example C programming tools, Maxima http://maxima.sourceforge.net/) (CT)<br>- Teaching Suggestion and Applications of Discrete Mathematics for ST1 (TS).',1,1,'2022-12-22','',5),(8,2,'NWC203c','889/QĐ-ĐHFPT','Computer Networking','Mạng máy tính','Bachelor','Online: 50 hours+5 slot offline + 3hrs exam','This specialization is developed for seniors and fresh graduate students to understand fundamental network architecture concepts and their impacts on cyber security, to develop skills and techniques required for network protocol design, and prepare for a future of constant change through exposure to network design alternatives. Students will require a prior knowledge of C programming, an understanding of math probability and a computer science background is a plus.','1. Student must get the certification of Computer Communication specialization from Coursera to be accepted to the final examination.<br>2. Complete the online course to be allowed to take Final Exam','Internet',1,1,'2044-07-06','',5),(9,2,'OSG202','1341/QĐ-ĐHFPT','Operating System','Hệ điều hành','Bachelor','Study hour (150h) = 45h contact hours + 1h final exam + 104h self-study','At the end of this course, students will be able to perceive:<br>1) Background knowledge: (ABET e)<br>-The role of operating system,<br>- important OS concepts,<br>- the mechanism of operating system, and<br>- main problems of Operating system.<br>2) Practice skills: (ABET k)<br>- Using basic shell command in Linux system fluently.<br>- Fundamental of shell, C language on Linux.<br>- Main problems of Operating system through some simulative exercises.<br>3) Information searching, reading and selection skills (ABET i)<br>4) Working in group, documenting and presenation skills (ABET g)','- Students must attend more than 80% of contact slots in order to be accepted to the final examination.<br>- Student is responsible to do all exercises given by instructor in class or at home and submit on time<br>- Use laptop in class only for learning purpose<br>- Promptly access to the FU LMS for up-to-date course information','- Internet<br>- Linux operating system server and/ or desktop',1,1,'2022-12-22','',5),(10,2,'PRO192','1341/QĐ-ĐHFPT','Object-Oriented Programming','Lập trình hướng đối tượng','Bachelor','Study hour (150h) = 45h contact hours + 1h final exam + 104h self-study','-This subject introduces the student to object-oriented programming. The student learns to build reusable objects, encapsulate data and logic within a class, inherit one class from another and implement polymorphism.<br>- Compose technical documentation of a Java program using internal comments<br>- Adhere to object-oriented programming principles including encapsulation, polymorphism and inheritance when writing program code<br>- Trace the execution of Java program logic to determine what a program does or to validate the correctness of a program','- Students must attend at least 80% of contact slots in order to be accepted to the final examination.<br>- Student is responsible to do all exercises given by instructor in class or at home and submit on time.<br>- Use laptop in class only for learning purpose<br>- Promptly access to the FU CMS at http://cms.fpt.edu.vn for up-to-date course information','Text Book<br>NetBean x.x<br>Internet',1,1,'2022-12-22','',5),(11,2,'SSG104','1189/QĐ-ĐHFPT','Communication and In-Group Working Skills','Kỹ năng giao tiếp và cộng tác','Bachelor','Study hour (150h) = 45 contact hours (60 sessions) + 0.5 hour final exam + 104.5 hours self-study','This course covers both working in groups and communication skills. The course covers theories of communication, working in group, and activities for students to practice applying the theories in academic and working contexts.','- Students must attend more than 80% of contact slots in order to be accepted to the final examination.<br>- Student is responsible to do all exercises, assignments and labs given by instructor in class or at home and submit on time<br>- Use laptop in class only for learning purpose<br>- Promptly access to the FU CMS at http://cmshn.fpt.edu.vn for up-to-date course information','Internet',1,1,'2022-12-22','Progress marks:<br>- 03 Activity: 15% (5% each activity)<br>- 02 Group Assignment: 20% (10% each assignment)<br>- 01 Participation: 10%<br>- 01 Quiz: 5%<br>- 01 Group Project: 30% (part 1: proposal, part 2: product, part 3: presentation/report; 10% each)<br>- 01 Final exam: 20%<br>Conditions to pass: Final exam >= 4<br>Grade Average >= 5/10',5),(12,2,'CSD201','1341/QĐ-ĐHFPT','Data Structures and Algorithm','Cấu trúc dữ liệu và giải thuật','Bachelor','Study hour (150h) = 45h contact hours + 1h final exam + 104h self-study','Upon finishing the course, students can:<br>1) Knowledge: Understand (ABET e)<br>- the connection between data structures and their algorithms, including an analysis of algorithms\' complexity;<br>- data structurre in the context of object-oriented program design;<br>- how data structure are implemented in an OO programming language such as Java<br>2) Able to (ABET e)<br>- organize and manipulate basic structures: array, linked list, tree, heap, hash<br>- use algorithms for traversing, sorting, searching on studying structures<br>- select a suitable algorithm to solve a practical problem<br>3) Able to (ABET k)<br>- use JAVA programming language for solving some problems<br>- use Eclipse tool for developing programs in JAVA<br>- Implement some programs in JAVA to solve practical problems based on the studying algorithms<br>4) Others: (ABET i)<br>- Improve study skills (academic reading, information searching, ...)','- Students must attend more than 80% of contact sessions in order to be accepted to the final examination.<br>- Student is responsible to do all exercises given by instructor in class or at home and submit on time<br>- Promptly access to the FU CMS at http://cms.fpt.edu.vn for up-to-date course information','',1,1,'2022-12-22','',5),(13,2,'DBI202','1341/QĐ-ĐHFPT','Database Systems','Các hệ cơ sở dữ liệu','Bachelor','Study hour (150h) = 45h contact hours + 1h final exam + 104h self-study','- Knowledge about database systems has become an essential part of an education in computer science because database management has evolved from a specialized computer application to a central component of a modern computing environment.<br>- The content of this course includes aspects of database management basic concepts, database design, database languages, and database-system implementation. Basing on these contents, the course emphasizes on how to organize, maintain and retrieve efficiently data and information from a DBMS.','- Students must attend more than 80% of contact slots in order to be accepted to the final examination.<br>- Student is responsible to do all exercises given by instructor in class or at home and submit on time<br>- Constantly follow announcements on intranet/LMS at http://lms.fpt.edu.vn for up-to-date course information regarding assignment submission and feedback on assignments and project work.','Microsoft SQL Server',1,1,'2022-12-22','1) On-going Assessment<br>- At least 2 progress tests: 10%<br>- Labs (5): 10%<br>- 1 assignment: 20%<br>- 1 practical exam: 30%<br>2) Final exam (60\'): 30%<br>3) Final Result: 100%<br>Completion Criteria:<br>1) Every on-going assessment component >0<br>2) Final Exam Score >=4 & Final Result >=5',5),(14,2,'JPD113','1189/QĐ-ĐHFPT','Elementary Japanese 1- A1.1','Tiếng Nhật sơ cấp 1-A1.1','Cử nhân (bachelor)','Thời gian học tập (150h)<br>Trong đó 45h trên lớp (60 sessions) + 1 giờ thi cuối kỳ + 104 giờ tự học','I. Yêu cầu định hướng triển khai của môn học: Môn học cung cấp kiến thức, kỹ năng cơ bản của tiếng Nhật ở trình độ sơ cấp 1 (tương đương với trình độ<br>A1) cho đối tượng sinh viên học tiếng Nhật là ngoại ngữ 2 tại trường Đại học.<br>II. Mục tiêu của môn học:<br>Sau khi hoàn thành môn học, sinh viên có thể đạt được các mục tiêu như sau:<br>1) Có thể viết, đọc thành thạo bảng chữ cái tiếng Nhật (chữ mềm, chữ cứng)<br>2) Có thể nắm được khoảng 200 từ vựng cơ bản, cách viết và đọc của khoảng hơn 30 chữ Hán, khoảng hơn 20 cấu trúc ngữ pháp cơ bản dùng trong hội thoại sơ cấp.<br>3) Có thể hiểu, sử dụng các cách nói quen thuộc được sử dụng trong đời sống thường nhật để đáp ứng nhu cầu giao tiếp cụ thể như có thể tự giới thiệu bản thân (giới thiệu tên, quốc tịch, nghề nghiệp, sở thích v.v..); có thể hỏi địa điểm, có thể giao tiếp với nhân viên để hỏi giá tiền, gọi đồ v.v…; có thể kể về những hoạt động hằng ngày của bản thân, hỏi giờ làm việc của các cơ quan tổ chức.<br>4) Rèn luyện được kỹ năng làm việc nhóm, phát triển bản thân thông qua các hoạt động nhóm trong lớp (role play..) và các hoạt động ngoại khóa.<br>III. Hình thức triển khai môn học: xem cụ thể các nội dung trong Grading structure','- Tham dự tối thiểu 80% số giờ học trên lớp mới đủ điều kiện tham gia thi kì thi cuối môn.<br>- Học từ vựng và tìm hiểu trước bài học, làm các bài tập và nhiệm vụ do GV giao.<br>- Ôn tập bài giảng, đối chiếu với giáo trình để nắm vững các kiến thức.<br>- Trên lớp tích cực tham gia trao đổi, xây dựng bài.','- Sử dụng Giáo trình chính và GT bổ trợ bằng tiếng Nhật.<br>- Sử dụng ppt cho bài giảng của giảng viên.<br>- Tra cứu, tham khảo các nội dung có liên quan đến môn học trên mạng hoặc giáo trình tham khảo được giới thiệu trong môn học.',1,1,'2022-12-22','Môn học có 4 thành phần điểm , trong đó các thành phần từ 1~3 được coi là \"điểm quá trình\" (Progress mark):<br>1) Điểm chuyên cần, tham gia đầy đủ giờ học trên lớp : 10%<br>2) Bài kiểm tra nhỏ: 02 bài, mỗi bài 10%, tổng là 20%<br>3) Kiểm tra giữa kì: 30%<br>4) Kiểm tra cuối kì: 40%<br>Điều kiện hoàn thành môn học<br>- Trung bình các đầu điểm qúa trình phải lớn hơn 0 ( Each progress mark: > 0)<br>- Điểm cuối kỳ (FE) phải lớn hơn hoặc bằng 4 và Tổng điểm chung toàn môn học phải lớn hơn hoặc bằng 5. Điểm trung bình đạt từ 5 trở lên (Grade Average >= 5/)',5),(15,2,'LAB211','333/QĐ-ĐHFPT','OOP with Java Lab','Thực hành OOP với Java','Bachelor','Study hour (150h) = 45h contact hours + 105h self-study','This course focuses on basic problems related to Java programming skills. Students are required to implement all assignments by him/her self in lab rooms.<br>Each assignment must be completed continuosly in the defined time.','- Students must attend at least 80% of contact slots in order to be accepted to the final results.<br>- Students are responsible to conform to Lab Room Regulations<br>- Use desktop computers only in lab room for learning purposes<br>- Promptly access to the FU CMS at http://cms.fpt.edu.vn for up-to-date course information','NetBean 8.0.2<br>CheckStyle plugin for netbeans<br>JAVA DOC<br>JDK8<br>Tomcat Apache 8<br>Microsoft Excel 2007 or above<br>Microsoft Word 2007 or above<br>Microsoft Powerpoint 2007 or above<br>Microsoft Windows XP or above',1,1,'2022-08-17','',5),(16,2,'WED201c','05/QĐ-ĐHFPT','Web Design','Thiết kế web','Bachelor','50 hours online + 9hrs offline + 3hrs exam','Upon finishing the course, students can:<br>1) Knowledge: Understand (ABET e)<br>- The concepts of HTML, CSS3, JavaScript, Interactivity with JavaScript, Advanced Styling with Responsive Design<br>- Web page structure.<br>- Web site structure.<br>- Demonstrate the ability to design and implement a responsive site for three platforms.<br>- The way a web page is presented in browsers.<br>2) Able to (ABET k)<br>- Add interacitivity to web pages with Javascript<br>- Apply responsive design to enable page to be viewed by various devices<br>- Describe the basics of Cascading Style Sheets (CSS3)<br>- Use the Document Object Model (DOM) to modify pages<br>3) Others: (ABET i)<br>- Improve study skills (academic reading, information searching, ...)','1. Join the online course (spec.) when being invited by the admin.<br>2. Enroll in each MOOC of spec., regularly study MOOCs at least 5hrs/week by watching videos, reading materials, taking quizzes, doing assgnments... as required<br>3. Respect the Coursera Code of Conduct, at https://learner.coursera.help/hc/en-us/articles/208280036-Coursera-Code-of-Conduct<br>3. Keep online learning progress promptly (bonus will be awarded)<br>4. Communicate and discuss in forum<br>5. Attend off-line sessions in the Campus<br>6. Must complete all MOOCs of spec. with certification in order to take the Final Exam at Campus','Internet',1,1,'2020-01-03','',5),(17,2,'IOT102','1341/QĐ-ĐHFPT','Internet of Things','Internet vạn vật','Bachelor','Study hour (150h) = 22,5h contact hours + 22,5h online hours + 1h final exam + 104h self-study','This is a 3-credit course. This course has two parts online and offline.<br>The content includes basic concepts and applications of IoT, practical exercises on the learning KIT.<br>Students are taught how to learn online, and practice some parts at home. Q & A sessions, the Guidance for important issues, as well as performance assessments, will be conducted in the classroom.','- Students must attend at least 80% of contact sessions in order to be accepted to the final examination.<br>- Student is responsible to learn all VIDEOs (theory) online given by instructor on Syllabus at home.<br>- Student is responsible to do all LABs given by instructor on Syllabus at home.<br>- Constantly follow announcements on intranet/CMS at http://cms.fpt.edu.vn for up-to-date course information.','',1,1,'2022-12-22','1) On-going asessment:<br>- 01 Presentation: 10%<br>- 02 Exercises: 10%<br>- 01 Project: 30%<br>- Active learning: 10%<br>2) Final Exam: 40%<br>3) Final Result: 100%<br>Completion Criteria:<br>1) Every on-going assessment component >0<br>2) Final Exam Score >=4 & Final Result >=5',5),(18,2,'SWP391','1341/QĐ-ĐHFPT','Software development project','Dự án phát triển phần mềm','Bachelor','Study hour (150h) = 45h contact hours + 105h self-study','This course focuses on designing, developing, and integrating the basic Web-based management system (as assigned/agreed by the teacher) using Java Web (JSP, Servlet, JDBC) or .NET (ASP.NET, ADO.NET) technologies . Students are required to build the system with other 3-5 team members as appointed by the teacher.<br>After the course, students will be able to achieve Java web programing proficiency with the following skills by practicing with other members in the assigned team<br>- Proficiency in common web techniques and basic Java Web skills (JSP, Servlet, JDBC) or .NET Web skills (ASP.NET, ADO.NET)<br>- Proficiency in front end skills (HTML, CSS, JS) require for industry<br>- Proficiency in SQL skills required for industry<br>- Analyze & design the solution following the object oriented models<br>- Co-ordinate with the team to complete the works in the form of a project','- Register the programming language to be used (Java or .NET),<br>- Build the team & select/define the project topic with arrangement/guide from the teacher<br>- Select the team leader and using the FPT account (@fpt.edu.vn account) to setup/configure the project managemernt environment (sources, tasks, issues, milestones) on the GitLab & project documents management on the OneDrive.<br>- Get the detailed assignment from the teacher, plan the project tasks, and execute the project accordingly<br>- Students must attend at least 80% of contact slots in order to be accepted to the final presentation.<br>- Student is responsible to do all exercises given by the teacher in class or at home and submit on time<br>- Constantly follow announcements on intranet/LMS at http://lms.fpt.edu.vn for up-to-date course information regarding assignment submission and feedback on assignments and project work.<br>- Using the GitLab to collaborate in every phase of the project by all the team members','GitLab (https://gitlab.com/), One Drive For Java project<br>• Java JDK version 1.6 or higher, NetBeans 13<br>• MySQL Server (v8.0.23 or higher), MySQL Workbench;<br>For .NET project<br>• Microsoft Internet Information Services server (come with Microsoft Windows)<br>• Microsoft Visual Studio version 2015 or higher (for .NET project)',1,1,'2022-12-22','1) On-going Assessment<br>- On-going Assessment 1: 20%<br>- On-going Assessment 2: 20%<br>- On-going Assessment 3: 20%<br>2) Final Project Presentation: 40%<br>To be selected to the Final Presentation, each student needs:<br>* On-going grade assessment >=5/10<br>* No cheating during the project progress',5),(19,2,'JPD123','1189/QĐ-ĐHFPT','Elementary Japanese 1-A1.2','Tiếng Nhật sơ cấp 1-A1.2','Cử nhân (bachelor)','Thời gian học tập (150h)<br>Trong đó 45h trên lớp (60 sessions) + 1 giờ thi cuối kỳ + 104 giờ tự học','I. Yêu cầu định hướng triển khai của môn học: Môn học cung cấp kiến thức, kỹ năng cơ bản của tiếng Nhật ở trình độ sơ cấp 1 (tương đương với trình độ A1.2) cho đối tượng sinh viên học tiếng Nhật là ngoại ngữ 2 tại trường Đại học. Môn học là học phần tiếp theo môn JPD113.<br>II. Mục tiêu của môn học:<br>Sau khi hoàn thành xong môn học này, sinh viên có thể:<br>1. Giới thiệu được về nơi xuất thân của mình : như đặc điểm của quê hương mình, món ăn, khí hậu, những nơi nổi tiếng của quê mình.<br>2. Nói chuyện được với bạn bè mình về những dự định hay công việc thường làm.<br>3. Có thể mời, rủ bạn tham gia 1 hoạt động nào đó; trao đổi thông tin và thảo luận để thống nhất được địa điểm và lịch hẹn.<br>4. Truyền đạt đến người khác 1 cách đơn giản tình hình xung quanh. Ngoài ra có thể nhờ vả, đề xuất cùng nhau làm việc gì đó.<br>5. Có thể nắm được khoảng gần 300 từ vựng cơ bản, cách viết và đọc của khoảng hơn 40 chữ Hán, khoảng gần 30 cấu trúc ngữ pháp cơ bản dùng trong hội thoại sơ cấp.<br>6. Rèn luyện kỹ năng làm việc nhóm, phát triển bản thân thông qua các hoạt động nhóm trong lớp (role play..) và các hoạt động ngoại khóa.<br>III. Hình thức triển khai môn học: xem cụ thể các nội dung trong Grading structure','- Tham dự tối thiểu 80% số giờ học trên lớp mới đủ điều kiện tham gia thi kì thi cuối môn.<br>- Học từ vựng và tìm hiểu trước bài học, làm các bài tập và nhiệm vụ do GV giao.<br>- Ôn tập bài giảng, đối chiếu với giáo trình để nắm vững các kiến thức.<br>- Trên lớp tích cực tham gia trao đổi, xây dựng bài.','- Sử dụng Giáo trình chính và GT bổ trợ bằng tiếng Nhật.<br>- Sử dụng ppt cho bài giảng của giảng viên.<br>- Tra cứu, tham khảo các nội dung có liên quan đến môn học trên mạng hoặc giáo trình tham khảo được giới thiệu trong môn học.',1,1,'2022-12-22','1) Tổng điểm chung cho toàn môn học: 100%<br>1.1. Điểm quá trình: 30%<br>1.1.1. Điểm chuyên cần: 10%<br>1.1.2. Điểm bài small test (ST): 20% (gồm 2 bài ST)<br>1.2. Điểm giữa kỳ (MT) : 30%<br>1.3: Điểm cuối kỳ (FE): 40%<br>2) Khung chuẩn điểm cho từng hạng mục:<br>2.1.Các điểm trong mục 1.1 phải lớn hơn 0 điểm. Điểm cuối kỳ (FE) phải lớn hơn hoặc bằng 4 và Tổng điểm chung toàn môn học phải lớn hơn hoặc bằng 5.<br>2.2. Thi FE không có kỹ năng nào bị 0<br>2.3. Nếu FE < 4/10, được thi lại một lần tất cả các kỹ năng<br>2.4: Nếu đã đạt 2.1 nhưng chưa đạt 2.2, thì chỉ phải thi lại một lần những kỹ năng bị 0 điểm.',5),(20,2,'MAS291','1341/QĐ-ĐHFPT','Statistics & Probability','Xác suất thống kê','Bachelor','Study hour (150h) = 45 contact hours (60 sessions) + 1 hour final exam + 104 hours self-study','Upon finishing the course, students must acquire:<br>1. the following knowledge:(ABET a1)<br>• The fundamental principles of probability and their applications<br>• The frequently used probability distributions.<br>• The basics of descriptive statistics<br>• The inferences of statistics: parameter estimations, hypothesis testing, regressions & correlations.<br>2. the following skills: (ABET a2)<br>• Recognize simple statistical models and applied them to solve engineering problems.<br>• Use at least one statistical software (Excel, Maxima) for problem solving.<br>• Self-study skill. (ABET i)','Students must attend more than 80% of contact hours in order to be accepted to the final examination.','- Internet<br>- Computerized tools (for example Excel and DDXL add-ons) (CT)',1,1,'2022-12-22','On-going assessment:<br>• 03 progress tests: 30% (a1, i)<br>• 02 assignments 20% (a2)<br>• 01 computer project 15%<br>Final Examination 35% (a1, a2)<br>Final results 100%<br>Completion Criteria: Every on-going assessment component > 0, Final Result >=5 & Final Exam Score >=4',5),(21,2,'PRJ301','1485/QĐ-ĐH-FPT','Java Web Application Development','Phát triển ứng dụng Java web','Bachelor','Study hour (150h) = 45h contact hours + 1h final exam + 104h self-study','By the end of this course Students will be able to:<br>a) Knowledge: (what will students know?)<br>• Understand the core technologies of Java web programming:<br>- Servlet and JSP<br>- Scope of sharing state (session, application, request,page)<br>- JSP Tags, JSTL, Customtags<br>- Filtering<br>• Know how to develop and deploy your own websites using Java<br>• Understand and be able to apply MVC architecture for the web<br>b) Skills: (what will students be able to do?)<br>• Basic Web application development applying MVC Design Pattern using Servlet/Filter as Controller','- Attend more than 80% of contact hours in order to be accepted to the final examination<br>- Actively participate in class activities<br>- Fulfil tasks given by intructor after class<br>- Use their own laptop in class only for learning purpose<br>- Read the textbook in advance<br>- Access the course website (www.cms.fpt.edu.vn) for up-to-date information and material of the course, for online supports from teachers and other students and for practicing and assessment.','Web server application : Glassfish 4.0 or Tomcat 7 or higher<br>IDE: Netbeans 8.1 or higher (as defined by the subject leader)<br>Java EE: 1.6 or higher<br>MS SQL Server 2008 R2 or higher',0,1,'2022-08-17','1. On-going assessment:<br>Workshop 1: 5%<br>Progress test 1: 5%<br>Workshop 2: 5%<br>Progress test 2: 5%<br>Assignment : 40%<br>Practical Exam : 20%<br>2. Final Exam: 20%<br>Total 100%<br>Completion Criteria:<br>1) Every on-going assessment component >0<br>2) Final Exam Score >=4 & Final Result >=5',5),(22,2,'SWE201c','1341/QĐ-ĐHFPT','Introduction to Software Engineering','Nhập môn kỹ thuật phần mềm','Bachelor','Online: 62 hours + 5 slot offline','SWE201c is for people who are new to software engineering. It\'s also for those who have already developed software, but wish to gain a deeper understanding of the underlying context and theory of software development practices.<br>At the end of this course, we expect learners to be able to:<br>1.) Build high-quality and secure software using SDLC methodologies such as agile, lean, and traditional/waterfall.<br>2.) Analyze a software development team\'s SDLC methodology and make recommendations for improvements.<br>3.) Compare and contrast software development methodologies with respect to environmental, organizational, and product constraints.','Student must get the certification of Software Development Lifecycle specialization from Coursera to be accepted to the final examination','',0,1,'2022-12-22','1. Complete the online course to be allowed to take Final Exam<br>2. Final Exam is included of Final Theory Exam (TE) & Final Practical Exam (PE): 100%<br>3. Student gets 0.25 bonus points for each course completed on time. The total bonus point is not greater than 1.<br>4. Completion Criteria: Final TE Score >=4 & Final PE Score >=4 & (Final TE Score*weigh of Final TE + Final PE Score*weigh of Final PE + bonus) >= 5<br>5. In the case: (5 > Final TE Score >=4) & (5 > Final PE Score >=4) & (Final TE Score*weigh of Final TE + Final PE Score*weigh of Final PE + bonus) < 5, the student can choose to take the resit of both TE & PE OR just either TE or PE.',5),(23,2,'ITE302c','1341/QĐ-ĐHFPT','Ethics in IT','Đạo đức trong CNTT','Bachelor','Online: 120 hours+5 slot offline','Organizations and governments are seeking out ethics professionals to minimize risk and guide their decision-making about the design of inclusive, responsible, and trusted technology. An algorithm not designed and assessed in alignment with ethical standards can create further inequity across race, gender and marginalized populations. The reputational and financial impact of an ethics violation can devastate a company. Knowledgeable ethics leaders are needed who can navigate through the more than 160 frameworks and guidelines to select and implement the best strategy to promote fairness and minimize risk for their organization. This specialization is designed for learners who want to create and lead initiatives that prioritize ethical integrity within emerging data-driven technology fields such as artificial intelligence and data science and will be prepared to bridge the gap between theory and practice.','Student must get the certification of CertNexus Certified Ethical Emerging Technologist Professional Certificate (CertNexus) specialization from Coursera to be accepted to the final examination','',1,1,'2022-12-22','1. Complete the online courses and get all specialization certifications to be allowed to take Final Exam<br>2. Final Exam included Final Theory Exam (TE): 100%<br>3. Student gets 0.165 bonus points for each course completed on time.<br>4. Completion Criteria: Final TE Score >=4 & (Final TE Score + bonus) >= 5',5),(24,2,'SWR302','1341/QĐ-ĐHFPT','Software Requirement','Yêu cầu phần mềm','Bachelor','Study hour (150h) = 45h contact hours + 1h final exam + 104h self-study','This course is a model-based introduction to RE, providing the conceptual background and terminology on RE, addressing a variety of techniques for requirements development including Analysis and Requirements Elicitation; Requirements Evaluation; Requirements Specification and Documentation; Requirements Quality Assurance. To implement these frameworks, student will be learnt how to find appropriate customer representatives, elicit requirements from them, and document user requirements, business rules, functional requirements, data requirements, and nonfunctional requirements.<br>The numerous visual models that will be represented to illustrate the requirements from various perspectives to supplement natural-language text. Other contents recommend the most effective requirements approaches for various specific classes of projects: agile projects developing products of any type, enhancement and replacement projects, projects that incorporate packaged solutions, outsourced projects, business process automation projects, business analytics projects, and embedded and other real-time systems.','- Students must attend more than 80% of contact slots in order to be accepted to the final examination.<br>- Student is responsible to do all exercises given by instructor in class or at home and submit on time<br>- Constantly follow announcements on intranet/LMS at http://lms.fpt.edu.vn for up-to-date course information regarding assignment submission and feedback on assignments and project work.','- Microsoft office for documents and presentation.<br>-https://www.visualparadigm.com/download/community.jsp students must install visual-paradigm for drawing UML (offline) before taking Final Practical Exam<br>- BOUML (http://bouml.free.fr/) : UML Drawing software',1,1,'2022-12-22','',5),(25,2,'SWT301','1341/QĐ-ĐHFPT','Software Testing','Kiểm thử phần mềm','Bachelor','Study hour (150h) = 45h contact hours + 1h final exam + 104h self-study','• General concepts about software testing<br>• Testing techniques aimed at assuring that appropriate functionality has been implemented correctly in the software system or product, including: a) black box or functional testing, b) clear box or structural testing, c) usage-based statistical testing.<br>These testing techniques are organized by their underlying models, including lists, partitions and equivalent classes, finite-state machines.<br>• Test activities, management, and related issues, such as testing sub-phases, team organization, testing process, people\'s roles and responsibilities, test automation, etc., will also be discussed.<br>• Other testing, verification and validation techniques…','Students must attend more than 80% of contact sessions in order to be accepted to the final examination.<br>- Students are responsible to do all exercises, assignments and labs given by instructor in class or at home and submit on time<br>- Use laptop in class only for learning purpose<br>- Promptly access to the https://cmshn.fpt.edu.vn/ for up-to-date course information','- Unit Test Framework<br>- Bug Management Tool<br>- Ms Office<br>- IDE<br>- Static Analyst Tool',1,1,'2022-12-22','',5),(26,2,'ENW492c','1341/QĐ-ĐHFPT','Academic Writing Skills','Kỹ năng viết học thuật','Bachelor','Online study + 9hrs offline (6slots) + exam','The skills taught in this Specialization will empower you to succeed in any college-level course or professional field. You’ll learn to conduct rigorous academic research and to express your ideas clearly in an academic format. In the final Capstone Project, all the knowledge that you’ve gained over the span of these courses will culminate into an academic research paper on an issue of your choice','1. Join the online course (spec.) when being invited by the admin.<br>2. Enroll in each MOOC of spec., regularly study MOOCs at least 5hrs/week by watching videos, reading materials, taking quizzes, doing assgnments... as required<br>3. Respect the Coursera Code of Conduct, at https://learner.coursera.help/hc/en-us/articles/208280036-Coursera-Code-of-Conduct<br>4. Keep online learning progress promptly (bonus will be awarded)<br>5. Communicate and discuss in forum<br>6. Attend off-line sessions in the Campus (Optional)<br>7. Must complete all MOOCs of spec. with certification in order to take the Final Exam at Campus','Internet',1,1,'2022-11-24','*Assessment scheme:<br>1) Ongoing assessment:<br>Student gets 0.2 bonus points for each course completed on time. The total bonus point is not greater than 1.<br>2) Practical Exam (PE)<br>3) Final Result (FR) =min (10, PE+ Bonus)<br>4) Completion Criteria: PE >=4 (Each component > 0) and FR (PE+bonus) >=5<br>If students get 0 in a component of PE, resit the part. Students can also choose to resit the other.<br>If students get >0 in all parts of PE but PE < 4, students can choose to resit any part of the PE or resit all parts.',5),(27,2,'OJT202','796/QĐ-ĐHFPT','On-the-job training','Đào tạo trong môi trường thực tế','Bachelor','14 weeks (560h)','Target:<br>- Students get acquainted with the real working environment before completing the study program.<br>- Students explore and expand their understanding of learned programs from a broader perspective.<br>- Students have rich learning experiences in an industrial and globalized environment.<br>Implementation:<br>Students do practical training at partnership enterprises signed with the University. The training process has close cooperation between the partnership enterprises and the representative of the University (Student Affairs Department). In the enterprise environment, students are assigned tasks and managed directly, monitored and evaluated the students\' spirit, attitude, and abilities. At the end of the training, students are evaluated comprehensively by enterprises, and have feedback on the working environment.','- Seriously participate in the internship.<br>- Perform tasks assigned by the Internship Unit.<br>- Participate in internship-related activities.<br>- Complete intership evaluation and internship report.','',1,1,'2021-07-21','',5),(28,2,'PRM392','1341/QĐ-ĐHFPT','Mobile Programming','Lập trình di động','Bachelor','Study hour (150h) = 45h contact hours + 1h final exam + 104h self-study','Upon completion of this course students should:<br>1. understand basic knowledge of mobile programming<br>2. get some experienced with all common controls of Android<br>3. have knowledge about some advanced Android components<br>4. have knowledge about data storage in mobile application, can use api to connect data from server from mobile application<br>5. understand knowledge of Android programming which help student can self study further more easily<br>6. Be able to work in team and present group\'s results','- Students must attend more than 80% of contact sessions in order to be accepted to the final examination.<br>- Student is responsible to do all assigned exercises given by instructor in class or at home and submit on time<br>- Use laptop in class only for learning purpose<br>- Promptly access to the FU LMS at http://lms.fpt.edu.vn for up-to-date course information','Android Studio',1,1,'2022-12-22','',5),(29,2,'SWD392','295/QĐ-ĐHFPT','Software Architecture and Design','Kiến trúc và thiết kế phần mềm','Bachelor','Study hour (150h) = 45h contact hours + 1h final exam + 104h self-study','This is a course in concepts and methods for the architectural design of software systems of sufficient size and complexity to require the effort of several people for many months.<br>Fundamental design concepts and design notations are introduced. Several design methods are presented and compared, with examples of their use. Students will undertake a term project working in small groups addressing the design of a relatively complex software system.','Students must attend at least 80% of contact slots in order to be accepted to the final examination.<br>- Student is responsible to do all exercises given by instructor in class or at home and submit on time<br>- Constantly follow announcements on intranet/LMS at http://lms.fpt.edu.vn for up-to-date course information regarding assignment submission and feedback on assignments and project work.','-Internet<br>-The Rational Software Architect CASE tool<br>-Visual Paradigm, MagicDraw, and Visio',1,1,'2022-12-22','1) Ongoing assessment: 60%:<br>03 Progress test: 15%<br>01 Project: 45%<br>2) Final Exam: 40%<br>3) Final Result: 100%<br>Completion Criteria:<br>1) Average Progress test score > 0<br>2) Project score >=5<br>3) Final Exam score >=4 & Final Result >= 5',5),(30,2,'MLN111','1341/QĐ-ĐHFPT','Philosophy of Marxism – Leninism','Triết học Mác - Lê-nin','Bachelor','Study hour (150h) = 27 contact hours (36 sessions) + 1 hour final exam + 131 hours self-study','Giới thiệu môn học: Triết học Mác - Lênin nghiên cứu những quan điểm duy vật biện chứng về tự nhiên, xã hội, tư duy và nhờ đó thế giới quan duy vật biện chứng trở thành toàn diện và triệt để. Áp dụng và mở rộng quan điểm duy vật biện chứng vào nghiên cứu xã hội, Mác đã đưa ra được quan niệm duy vật về lịch sử, chỉ ra con đường nghiên cứu những quy luật của sự phát triển xã hội, cũng như sự phát triển của tự nhiên, không phải do ý muốn chủ quan mà do những quy luật khách quan quyết định. Sự ra đời của Triết học Mác - Lênin đã đặt cơ sở cho việc nghiên cứu lịch sử và đời sống xã hội thực sự có tính chất khoa học.<br>Course introduction: Philosophy of Marxism – Leninism studies dialectical materialistic views on nature, society, and the mind, making the worldview of dialectical materialism becomes comprehensive. Applying and expanding the dialectical materialist perspective to social research, Marx has introduced historical materialism and pointed out the way to study the laws of social development and natural development governed by objective laws rather than subjective factors. The development of Marxism – Leninism philosophy has laid the foundation for the study of history and social life in a scientific way.<br>Môn học Triết học Mác-Lênin nhằm giúp cho sinh viên: Xác lập cơ sở lý luận cơ bản nhất để từ đó có thể tiếp cận được nội dung môn học Kinh tế chính trị Mác-Lênin, Chủ nghĩa xã hội khoa học,Tư tưởng Hồ Chí Minh và Lịch sử Đảng Cộng sản Việt Nam, hiểu biết nền tảng tư tưởng của Đảng. Xây dựng niềm tin, lý tưởng cách mạng cho sinh viên. Từng bước xác lập thế giới quan, nhân sinh quan và phương pháp luận chung nhất để tiếp cận các khoa học chuyên ngành được đào tạo.<br>Philosophy of Marxism – Leninism course aims to help students: Form the theoretical framework to acquire knowledge of Political economics of Marxism-Leninism, Scientific socialism, Ho Chi Minh ideology, and History of Vietnamese Communist Party, understand the ideological foundation of the Party. Build trust, revolutionary ideals for students. Gradually build a worldview, philosophy of life, and the most general methodology to access specialized training courses.<br>Nội dung môn học bao gồm các chương: Chương 1: Trình bày những nét khái quát nhất về triết học, triết học Mác – Lênin và vai trò của triết học Mác – Lênin trong đời sống xã hội. Chương 2: Trình bày những nội dung cơ bản của chủ nghĩa duy vật biện chứng, gồm vấn đề vật chất và ý thức; phép biện chứng duy vật; lý luận nhận thức của chủ nghĩa duy vật biện chứng. Chương 3: Trình bày những nội dung cơ bản của chủ nghĩa duy vật lịch sử, gồm vấn đề hình thái kinh tế - xã hội; giai cấp và dân tộc; nhà nước và cách mạng; ý thức xã hội; triết học về con người.<br>The course includes chapters: Chapter 1: Present an overview of philosophy, Marxism – Leninism philosophy, and the role of Marxist-Leninist philosophy in social life. Chapter 2: Present basic issues of dialectical materialism including matter and consciousness; materialistic dialectics; cognition theory of dialectical materialism. Chapter 3: Present basic issues of historical materialism including the theory of socio-economic forms, class and peoples; state and revolution; social consciousness; philosophical theory of humans.<br>Phương pháp dạy học: Thuyết giảng và kết hợp trình chiếu các slide bài giảng . Hướng dẫn, giao bài tập đề tài theo nhóm. Tổ chức và hướng dẫn sinh viên thảo luận nhóm.<br>Teaching method: Giving lectures and slide presentations. Guiding and assigning group work assignments. Organizing and guiding students to discuss in groups.','Sinh viên phải tham gia hơn 80% thời gian môn học. Phải có giáo trình Triết học Mác- Lênin, dành cho sinh viên bậc đại học hệ không chuyên lý luận chính trị của Bộ Giáo dục và Đào tạo. Chỉ sử dụng máy tính xách tay trong lớp cho mục đích học tập. Thực hiện đầy đủ các yêu cầu của giảng viên khi học trên lớp cũng như các chủ đề sinh viên tự chuẩn bị trước khi đến lớp. Truy cập vào FU LMS tại https://lms-hcmuni.fpt.edu.vn để cập nhật thông tin môn học.<br>Attend more than 80% of class hours. Own textbook on Philosophy of Marxism-Leninism for non-politics majored students as promulgated by the Ministry of Education and Training. Use their own laptop in class only for learning purpose. Fulfill tasks given by the instructor in class as well as topics needed to prepare in advance. Update information related to the course posted on FU LMS at https://lms-hcmuni.fpt.edu.vn.','- Internet<br>- Pdf reader',1,1,'2022-12-22','1)Progress test + Assignments: 70%<br>- Participation: 10%<br>- 02 Progress test: 30%(2x15%)<br>- 1 Assignments: 30 %<br>2) Final Exam : 30%<br>3) Final results:100%<br>4) Completion Criteria:<br>Final Result >=5 & Final Exam Score >=4',5),(31,2,'MLN122','1341/QĐ-ĐHFPT','Political economics of Marxism – Leninism','Kinh tế chính trị Mác - Lê-nin','','Study hour (100h) = 18 contact hours (24 sessions) + 1 hour final exam + 81 hours self-study','Giới thiệu môn học: Kinh tế chính trị Mác - Lênin hay kinh tế chính trị học Mác - Lênin là một lý thuyết kinh tế và là môn khoa học về kinh tế chính trị do C. Mác , Ăngghen và sau này là Lênin phát triển trong giai đoạn mới, có đối tượng nghiên cứu là phương thức sản xuất tư bản chủ nghĩa và những quan hệ sản xuất và trao đổi thích ứng với phương thức sản xuất tư bản chủ nghĩa. Qua đó vạch rõ bản chất, hiện tượng của các quá trình kinh tế để có cơ sở giải quyết các mối quan hệ liên quan đến học thuyết của chủ nghĩa Mác - Lênin. Cốt lõi của kinh tế chính trị Mác - Lênin là học thuyết giá trị thặng dư của Các Mác.<br>Course introduction: Political economics of Marxism – Leninism is an economic theory and scientific discipline on political economy developed by C. Marx, Engels and later Lenin in a new period, focusing on the capitalist mode of production and the production and economic exchange relations consistent with the capitalist mode of production, thereby clarifying the nature and phenomena of economic processes, laying a foundation to solve matters related to theories of Marxism - Leninism. The core of the Marxist-Leninist political economy is the surplus value theory of Marx.<br>Mục tiêu môn học:<br>+ Người học nắm được một cách hệ thống kiến thức cơ bản, cốt lõi của kinh tế chính trị Mác – Lênin bao gồm: Các khái niệm, phạm trù, quy luật kinh tế chủ yếu của kinh tế thị trường; những vấn đề kinh tế - chính trị của thời kỳ quá độ lên CNXH ở Việt Nam.<br>+ Xác lập được phương pháp luận khoa học để phân tích, đánh giá được các vấn đề kinh tế trong nền kinh tế thị trường hiện nay. Vận dụng kiến thức của môn học vào việc tiếp cận các môn khoa học chuyên ngành và hoạt động thực tiễn của bản thân, hiểu rõ và thực hiện tốt chủ trương, đường lối, chính sách kinh tế của Đảng và Nhà nước.<br>Course objectives:<br>+ Help students systematically grasp fundamental and core knowledge of Marxist-Leninist political economy including Concepts, categories and economic laws of Marxist-Leninist political economy; economic-political issues in the period of transition to socialism in Vietnam.<br>+ Help students establish a scientific methodology to analyze and evaluate economic issues in the current market economy. Apply knowledge of the course to access specialized scientific subjects and practical activities, understand and well follow economic guidelines and policies of the Party and State.<br>Nội dung môn học: Kinh tế chính trị Mác-Lênin tập trung nghiên cứu các quan hệ kinh tế trong lòng xã hội tư bản và nghiên cứu sâu về các quy luật của nền sản xuất này, cụ thể là:<br>+ Đề cập về hàng hóa, sản xuất hàng hóa và các quy luật kinh tế của sản xuất hàng hóa (trong chủ nghĩa Tư bản)<br>+ Tập trung mổ xẻ quy luật kinh tế cơ bản của chủ nghĩa tư bản mà cốt lõi là việc sản xuất giá trị thặng dư<br>Phân tích sự vận động của tư bản cá biệt và tái sản xuất tư bản xã hội<br>+ Xem xét các hình thái tư bản và các hình thức biểu hiện của giá trị thặng dư<br>Nghiên cứu về chủ nghĩa tư bản độc quyền và chủ nghĩa tư bản độc quyền nhà nước<br>Phương pháp dạy học: Thuyết giảng và kết hợp trình chiếu các slide bài giảng . Hướng dẫn, giao bài tập đề tài theo nhóm. Tổ chức và hướng dẫn sinh viên thảo luận nhóm.<br>Content of the course: Political economics of Marxism – Leninism focuses on investigating economic relations in capitalist society and in-depth studies on laws of this economy, namely:<br>+ Mention about commodities, commodity production and economic laws of commodity production (in capitalist social system)<br>+ Cncentrate on analyzing basic economic laws of capitalism wth thmain focus is surplus value production<br>Analysis of the movement of spcific capitalist social system and social capital reproduction<br>+ Consider forms of capitalism and forms of surplus value<br>Study monopoly capitalism and State monopoly capitalism<br>Teaching method: Giving lectures and slide presentations. Guiding and assigning groupwork assignments. Organizing and guiding students to discuss in groups.','Sinh viên phải tham gia hơn 80% thời gian môn học. Phải có giáo trình Kinh tế chính trị Mác - Lênin, dành cho sinh viên bậc đại học hệ không chuyên lý luận chính trị của Bộ Giáo dục và Đào tạo. Chỉ sử dụng máy tính xách tay trong lớp cho mục đích học tập. Thực hiện đầy đủ các yêu cầu của giảng viên khi học trên lớp cũng như các chủ đề sinh viên tự chuẩn bị trước khi đến lớp.<br>Attend more than 80% of class hours. Own textbook of Political economics of Marxism – Leninism for non-politics majored students as promulgated by the Ministry of Education and Training. Use their own laptop in class only for learning purpose. Fulfill tasks given by the instructor in class as well as topics needed to prepare in advance.','Internet, pdf reader',1,1,'2022-12-22','',5),(32,2,'PMG202c','295/QĐ-ĐHFPT','Project Management','Quản trị dự án','Bachelor','Online: 150 hours+6 slot offline','Project managers play a key role in leading, planning and implementing critical projects to help their organizations succeed. In this course, students’ll discover foundational project management terminology and gain a deeper understanding of the role and responsibilities of a project manager. They’ll gain an immersive understanding of the practices and skills needed to succeed in an entry-level project management role; learn how to create effective project documentation and artifacts throughout the various phases of a project. They will know the foundations of Agile project management, with a focus on implementing Scrum events, building Scrum artifacts, and understanding Scrum roles. Student’s also have a chance to practice strategic communication, problem-solving, and stakeholder management through real-world scenarios.','Student must get the certification of Google Project Management: Professional Certificate to be accepted to the final examination','Internet, pdf reader',1,1,'2022-07-04','1. Complete the online course to be allowed to take Final Exam<br>2. Final Exam is included of Final Theory Exam (TE) & Final Practical Exam (PE): 100%<br>3. Student gets 0.165 bonus points for each course completed on time. The total bonus point is not greater than 1.<br>4. Completion Criteria: Final TE Score >=4 & Final PE Score >=4 & ((Final TE Score + Final PE Score)/2 + bonus) >= 5',5),(33,2,'WDU203c','1341/QĐ-ĐHFPT','UI/UX Design','Thiết kế trải nghiệm người dùng','Bachelor','Online: 84 hours+6 slot offline','Integrate UX Research and UX Design to create great products through understanding user needs, rapidly generating prototypes, and evaluating design concepts. Students will gain hands-on experience with taking a product from initial concept, through user research, ideation and refinement, formal analysis, prototyping, and user testing, applying perspectives and methods to ensure a great user experience at every step. This course concludes with a capstone project, in which learners will incorporate UX Research and Design principles to design a complete product, taking it from an initial concept to an interactive prototype.','1. Complete the online courses and get all specialization certifications to be allowed to take Final Exam<br>2. Final Exam included Final Theory Exam (TE): 100%<br>3. Student gets 0.165 bonus points for each course completed on time.<br>4. Completion Criteria: Final TE Score >=4 & (Final TE Score + bonus) >= 5','Internet, pdf reader',1,1,'2021-11-22','',5),(34,3,'HCM202','1189/QĐ-ĐHFPT','HCM Ideology','Tư tưởng Hồ Chí Minh','Bachelor','Study hour (100h) = 22.5 contact hours (30 sessions) + 1 hour final exam + 76.5 hours self-study','Giới thiệu môn học: Tư tưởng Hồ Chí Minh là kết tinh của truyền thống hàng nghìn năm dựng nước và giữ nước của dân tộc Việt Nam. Trên nền tảng đó, tư tưởng Hồ Chí Minh đã gạn lọc các hạt giống trí tuệ của phương Đông, phương Tây, vận dụng sáng tạo và phát triển chủ nghĩa Mác - Lênin vào điều kiện cụ thể của nước ta. Dưới góc độ triết học, tư tưởng Hồ Chí Minh là hệ thống các quan điểm toàn diện, sâu sắc về những vấn đề cơ bản của cách mạng Việt Nam. Mục tiêu của tư tưởng Hồ Chí Minh là hướng tới giải phóng giai cấp, giải phóng dân tộc và giải phóng con người. Do đó, tư tưởng Hồ Chí Minh đã trở thành tài sản tinh thần vô giá và là ngọn cờ dẫn dắt cách mạng Việt Nam đi từ thắng lợi này đến thắng lợi khác.<br>Course introduction: Ho Chi Minh ideology is the crystallization of the thousand-year-old traditions of national construction and defense of the Vietnamese people. On that basis, Ho Chi Minh ideology has collected intellectual values of absorbing Eastern, Western, creatively applied and developed Marxism-Leninism to Vietnamese practices. From a philosophical perspective, Ho Chi Minh\'s thought is a comprehensive and profound system of views on fundamental issues of the Vietnamese revolution. Its goal is aiming at class liberation, national liberation and human liberation. Therefore, Ho Chi Minh ideology has become precious spiritual asset and a torch leading the Vietnamese revolution to gain one victory to another.<br>Mục tiêu môn học:<br>- Cung cấp những hiểu biết có tính hệ thống về tư tưởng, đạo đức, giá trị văn hoá trong tư tưởng Hồ Chí Minh.<br>- Tiếp tục cung cấp những kiến thức cơ bản về chủ nghĩa Mác - Lênin.<br>- Cùng với môn học những nguyên lý cơ bản của chủ nghĩa Mác-Lênin tạo lập những hiểu biết về nền tảng tư tưởng, kim chỉ nam hành động của Đảng và của cách mạng nước ta.<br>- Góp phần xây dựng nền tảng đạo đức con người mới<br>Course objectives:<br>- Providing systematic understanding of ideology, morality, and cultural values in Ho Chi Minh\'s thought.<br>- Continuing to provide basic knowledge of Marxism – Leninism.<br>- Creating an understanding of the ideological foundation, action guideline for the Party and the revolution in Vietnam together with the subject The basic principles of Marxism - Leninism.<br>- Contributing to building ethical foundation of new human.<br>Nội dung môn học: Học phần Tư tưởng Hồ Chí Minh gồm có 6 chương cung cấp cho sinh viên kiến thức cơ bản về: Đối tượng, phương pháp nghiên cứu và ý nghĩa học tập môn học Tư tưởng Hồ Chí Minh; về cơ sở, quá trình hình thành và phát triển tư tưởng Hồ Chí Minh; về độc lập dân tộc và chủ nghĩa xã hội; về Đảng Cộng sản và Nhà nước Việt Nam; về đại đoàn kết dân tộc và đoàn kết quốc tế; về văn hóa, đạo đức, con người<br>Phương pháp dạy học: Thuyết giảng và kết hợp trình chiếu các slide bài giảng. Hướng dẫn, giao bài tập đề tài theo nhóm. Tổ chức và hướng dẫn sinh viên thảo luận nhóm.<br>Content of the course: The module consists of 6 chapters providing students with basic knowledge of Object, research methods and meaningful learning of the course Ho Chi Minh ideology; of the basis and the process of formation and development of Ho Chi Minh ideology; of national independence associated with socialism; of the Communist Party and State of the Socialist Republic of Viet Nam; of the great unity bloc with international solidarity; of culture, ethics, people.<br>Teaching method: Giving lectures and slide presentations. Guiding and assigning groupwork assignments. Organizing and guiding students to discuss in groups.','Sinh viên phải tham gia hơn 80% thời gian môn học. Phải có giáo trình Tư tưởng Hồ Chí Minh, dành cho sinh viên bậc đại học hệ không chuyên lý luận chính trị của Bộ Giáo dục và Đào tạo. Chỉ sử dụng máy tính xách tay trong lớp cho mục đích học tập. Thực hiện đầy đủ các yêu cầu của giảng viên khi học trên lớp cũng như các chủ đề sinh viên tự chuẩn bị trước khi đến lớp.<br>Attend more than 80% of class hours. Own Ho Chi Minh Ideology textbook for non-politics majored students as promulgated by the Ministry of Education and Training. Use their own laptop in class only for learning purpose. Fulfill tasks given by the instructor in class as well as topics needed to prepare in advance.','Internet, pdf reader',1,1,'2022-12-22','1) Progress test + Assignment: 70%<br>- Participation: 10%<br>- 02 Progress tests: 30% (2x15%)<br>- 1 Assignment: 30 %<br>2) Final Exam: 30%<br>3) Final result: 100%<br>4) Completion Criteria:<br>Every on-going assessment component > 0, Final Result >=5 & Final Exam Score >=4',5),(35,3,'MLN131','1189/QĐ-ĐHFPT','Scientific socialism','Chủ nghĩa xã hội khoa học','','Study hour (100h) = 22.5 contact hours (30 sessions) + 1 hour final exam + 76.5 hours self-study','Giới thiệu môn học: Chủ nghĩa xã hội khoa học là một trong ba bộ phận của chủ nghĩa Marx-Lenin. Chủ nghĩa xã hội khoa học đã dựa trên phương pháp luận triết học duy vật biện chứng và duy vật lịch sử, đồng thời cũng dựa trên những cơ sở lý luận khoa học về các quy luật kinh tế, quan hệ kinh tế để luận giải một cách khoa học về quá trình nảy sinh cách mạng xã hội chủ nghĩa, hình thành và phát triển hình thái kinh tế - xã hội cộng sản chủ nghĩa, gắn liền với sứ mệnh lịch sử của giai cấp công nhân, nhằm giải phóng con người, giải phóng xã hội.<br>Course introduction: Scientific socialism is one of the three parts of Marxism-Leninism. Scientific socialism is based on the philosophical methodology of dialectical materialism and historical materialism as well as scientific theoretical foundations of economic laws and economic relations to scientifically explain the advent of scientific socialism socialist revolution, the formation and development of the communist socio-economic form, associated with the historical mission of the working class, to liberate people and society.<br>Môn học Chủ nghĩa xã hội khoa học nhằm giúp cho sinh viên: Nắm được những kiến thức cơ bản, cốt lõi nhất, mở rộng và chuyên sâu về Chủ nghĩa xã hội khoa học, hiểu biết nền tảng tư tưởng của Đảng. Xây dựng niềm tin, lý tưởng cách mạng cho sinh viên. Từng bước xác lập thế giới quan, nhân sinh quan và phương pháp luận chung nhất để tiếp cận các khoa học chuyên ngành được đào tạo.<br>The course Scientific socialism aims to help students: Acquire the most basic, extensive and in-depth knowledge of Scientific socialism, understand the Party\'s ideological foundation. Build trust, revolutionary ideals for students. Gradually build a worldview, philosophy of life, and the most general methodology to access specialized training courses.<br>Nội dung môn học bao gồm các chương: gồm 7 chương: chương 1, trình bày những vấn đề cơ bản có tính nhập môn của Chủ nghĩa xã hội khoa học (quá trình hình thành, phát triển của Chủ nghĩa xã hội khoa học); từ chương 2 đến chương 7 trình bày những nội dung cơ bản của Chủ nghĩa xã hội khoa học nhằm làm sáng tỏ những quy luật khách quan của quá trình cách mạng xã hội chủ nghĩa.<br>The course includes 7 chapters: Chapter 1: present basic introductory issues of Scientific socialism (the advent and development of Scientific socialism); Chapter 2 to chapter 7: present the basic knowledge of Scientific socialism to clarify the objective laws of the socialist revolution process.<br>Phương pháp dạy học: Thuyết giảng và kết hợp trình chiếu các slide bài giảng. Hướng dẫn, giao bài tập đề tài theo nhóm. Tổ chức và hướng dẫn sinh viên thảo luận nhóm.<br>Teaching method: Giving lectures and slide presentations. Guiding and assigning group work assignments. Organizing and guiding students to discuss in groups.','Sinh viên phải tham gia hơn 80% thời gian môn học. Phải có giáo trình Chủ nghĩa xã hội khoa học, dành cho sinh viên bậc đại học hệ không chuyên lý luận chính trị của Bộ Giáo dục và Đào tạo. Chỉ sử dụng máy tính xách tay trong lớp cho mục đích học tập. Thực hiện đầy đủ các yêu cầu của giảng viên khi học trên lớp cũng như các chủ đề sinh viên tự chuẩn bị trước khi đến lớp. Truy cập vào FU LMS tại https://lms-hcmuni.fpt.edu.vn để cập nhật thông tin môn học.<br>Attend more than 80% of class hours. Own textbook on Scientific cocialism for non-politics majored students as promulgated by the Ministry of Education and Training. Use their own laptop in class only for learning purpose. Fulfill tasks given by the instructor in class as well as topics needed to prepare in advance. Update information related to the course posted on FU LMS at https://lms-hcmuni.fpt.edu.vn.','- Internet<br>- Pdf reader',1,1,'2022-12-22','1)Progress tests + Assignment: 70%<br>- Participation: 10%<br> 02 Progress tests: 30%(2x15%)<br>- 1 Assignment: 30 %<br>2) Final Exam: 30%<br>3) Final result:100%<br>4) Completion Criteria:<br>Final Result >=5 & Final Exam Score >=4',5),(36,3,'SEP490','1341/QĐ-ĐHFPT','SE Capstone Project','Đồ án tốt nghiệp KTPM','Bachelor','Study hour (500h) = 22.5h contact hours + 1.5h capstone project defense + 476h self-study','The capstone project provides students important skills and initial experiences in participating in the software projects. Student can apply knowledges they have learned to the real current projects include:<br>- Experiencing across all project phases: requirement, design, coding, testing and release<br>- Finding out and using the templates and composing documents for each project stage<br>- Using knowledges of technology that have been taught<br>- Having the opportunity to research and apply new technologies<br>- Practicing teamwork and how to interact with colleagues in a project implementation process<br>- Ensuring the proper implementation of quality requirements and schedule<br>- Doing troubleshooting<br>With the team size of 4-5 members, the output product size are required to be equivalent to 20-25 medium use cases (3-7 transactions for each use case; action buttons on the screen, end user transactions to the software screens/functions or database transactions can be counted as transaction)<br>The capstone project provides students, working in groups, with a significant project experience in which they can integrate much of the material they have learned in their program, including matters relating to requirements, design, implementation, human factors, professionalism, and project management. Students should be expected to deliver one or several iterations of a software system, along with all artifacts appropriate to the process model they are using. These would likely include<br>a) Project management Plan (perhaps updated regularly),<br>b) Software Requirements Specifications (SRS)<br>c) Architectural and Design Documents (SDD)<br>d) Test Plan and other Test Documentation (STD)<br>e) Software package & the user guides (package content, installation guide & user manuals)<br>All the documents in the project implementation process and the progress reports are required to write in English.<br>\"Final Result = OGA*50% + TDA*50%<br>In which:\"<br>\"1) On-going Assessment (OGA)<br>- Project Introduction (Report 1): 4%<br>- Project Management Plan (Report 2): 8%<br>- Software Requirement (Report 3): 16%<br>- Software Design (Report 4): 18%<br>- Testing (Report 5): 18%<br>- User Guides (Report 6): 4%<br>- Implementation (Report 7): 32%\"<br>\"2) Thesis Defense Assessment (TDA)<br>- Project Introduction: 5%<br>- Project Management Plan: 5%<br>- Software Requirement: 15%<br>- Software Design: 10%<br>- Testing: 10%<br>- User Guides: 5%<br>- Implementation: 35%<br>- Presentation Skills: 5%<br>- Q&A: 10%\"<br>\"Completion Criteria:<br>1. TDA >=4/10<br>2. Final Result >=5<br>Before thesis defense, students must wait until the second thesis defense round if they have the OGA less than 5/10 OR they are in one of below cases:<br>(1) Students complete less than 75% use cases functions/screens as submitted (as mentioned in the submitted Report 3, at the end of the week 3) OR there are less than 20 average (3-7 transactions) use cases completed.<br>(2) Students can\'t prove the fact that they prepare any of the project reports or the output software by themselves<br>(3) There are more than 3 obvious coding-logic defects OR more than 1 show-stopper defects (the defects that prevent end user from completing his/her use case on any software functions) in the submitted software.<br>The student(s) has to re-do the capstone project if the above cases occur with the assessments for the second thesis defense OR there is one OGA with grade (see the list above) less than 2/10.<br>After thesis defense, student(s) is evaluated as failed the capstone project if they are in one of below cases (no matter when the guiding teacher doesn\'t evaluate that):<br>(1) Student can\'t demonstrate any function or use case<br>(2) Students can\'t prove the fact that they prepare any of the project reports or the output software by themselves<br>(3) There are more than 3 obvious coding-logic defects OR more than 1 show-stopper defects (the defects that prevent end user from completing his/her use case on any software functions) in the submitted software. \"','# Choose appropriate project and form group.<br># Divide and schedule work among members.<br># Attend all scheduled meeting with supervisor.<br># Produce document and product according to project requirement and member work share.<br># Defend work infront of examination board, showing both project results and individual responsibility.<br># In case of cheating found, the whole team is not allow to defend','Appropriate tools for design and implementation.',1,1,'2022-08-05','',5),(37,3,'VNR202','1189/QĐ-ĐHFPT','History of CPV','Lịch sử Đảng Cộng sản Việt Nam','Bachelor','Study hour (100h) = 22.5 contact hours (30 sessions) + 1 hour final exam + 76.5 hours self-study','Giới thiệu môn học: Lịch sử Đảng Cộng sản Việt Nam là một chuyên ngành, một bộ phận của khoa học lịch sử. Chủ tịch Hồ Chí Minh đã khẳng định Lịch sử Đảng Cộng sản Việt Nam là cả một pho lịch sử bằng vàng. Đó chính là tính khoa học, cách mạng, giá trị thực tiễn sâu sắc trong Cương lĩnh, đường lối của Đảng; là sự lãnh đạo đúng đắn, đáp ứng kịp thời những yêu cầu, nhiệm vụ do lịch sử đặt ra; những kinh nghiệm, bài học có tính quy luật, lý luận của cách mạng Việt Nam và những truyền thống vẻ vang của Đảng.<br>Nghiên cứu, học tập lịch sử Đảng không chỉ nắm vững những sự kiện, cột mốc lịch sử mà cần thấu hiểu những vấn đề phong phú đó trong quá trình lãnh đạo và đấu tranh, để vận dụng, phát triển trong thời kỳ đổi mới toàn diện, đẩy mạnh công nghiệp hóa, hiện đại hóa đất nước và hội nhập quốc tế hiện nay.<br>Course introduction: History of CPV is a major and a division of historical science. President Ho Chi Minh affirmed that the history of the Communist Party of Vietnam is golden pages. That is scientific, revolutionary and profound practical value in the Party\'s platforms and guidelines, is proper leadership and timely response to requirements and missions set by the history; is the normative and theoretical experiences and lessons of Vietnamese revolution and the glorious traditions of the Party.<br>Researching and studying history of CPV not only requires mastering historical events and milestones but also understanding those issues in the process of leading and struggling; thereby applying and developing in the current period of comprehensive renovation and accelerating industrialization and modernization and international integration.<br>Mục tiêu môn học:<br>- Về nội dung: Cung cấp những tri thức có tính hệ thống, cơ bản về sự ra đời của Đảng Cộng sản Việt Nam (1920- 1930), sự lãnh đạo của Đảng đối với cách mạng Việt Nam trong thời kỳ đấu tranh giành chính quyền (1930- 1945), trong hai cuộc kháng chiến chống thực dân Pháp và đế quốc Mỹ xâm lược (1945- 1975), trong sự nghiệp xây dựng, bảo vệ Tổ quốc thời kỳ cả nước quá độ lên chủ nghĩa xã hội, tiến hành công cuộc đổi mới (1975- 2018).<br>- Về tư tưởng: Thông qua các sự kiện lịch sử và các kinh nghiệm về sự lãnh đạo của Đảng để xây dựng ý thức tôn trọng sự thật khách quan, nâng cao lòng tự hào, niềm tin của sinh viên vào sự lãnh đạo của Đảng trong quá khứ và hiện tại.<br>- Về kỹ năng: Trang bị phương pháp tư duy khoa học về lịch sử, kỹ năng lựa chọn tài liệu nghiên cứu, học tập môn học và khả năng vận dụng nhận thức lịch sử vào công tác thực tiễn, phê phán quan niệm sai trái về lịch sử của Đảng.<br>Course objectives: Provide basic and systematic knowledge of the Party establishment (1920- 1930), the process of Party\'s leading the rise to power (1930-1945), leading two resistance wars against French colonialist and American imperialist invasions, completing national liberation and reunion (1945 - 1975), leading the national transition to socialism and carrying out the Doi moi (1975-2018).<br>- In terms of ideology: Build a sense of respect for objective truth, deepen students\' pride and confidence in the leadership of the Party in the past and present through historical events and experiences on the leadership of the Party<br>- In terms of skills: Equip students with scientific thinking methods on history, selecting research and learning materials skill, and the ability to apply awareness of history to practices, criticize the wrong perception of the Party\'s history.<br>Nội dung môn học:<br>Môn học trang bị cho sinh viên những hiểu biết cơ bản về đối tượng, mục đích, nhiệm vụ, phương pháp nghiên cứu, học tập môn học Lịch sử Đảng Cộng sản Việt Nam; những kiến thức cơ bản, cốt lõi, có hệ thống về sự ra đời của Đảng (1920 - 1930), về quá trình Đảng lãnh đạo cách mạng Việt Nam từ năm 1930 cho đến nay, từ đó, khẳng định các thành công, nêu lên các hạn chế, tổng kết những kinh nghiệm về sự lãnh đạo trong thực tiễn cách mạng.<br>Ngoài Chương nhập môn, nội dung môn học được bố cục gồm 3 chương:<br>- Chương 1: Đảng Cộng sản Việt Nam ra đời và lãnh đạo đấu tranh giành chính quyền (1930 - 1945);<br>- Chương II: Đảng lãnh đạo hai cuộc kháng chiến, hoàn thành giải phóng dân tộc, thống nhất đất nước (1945 - 1975);<br>- Chương III: Đảng lãnh đạo cả nước quá độ lên Chủ nghĩa xã hội và tiến hành công cuộc đổi mới (1975 - 2018).<br>This course provides students with basic knowledge of objects, purposes, tasks, research and study methods of the History of CPV; the basic, core, systematic knowledge of the Party establishment (1920 - 1930), the process of the Party\'s leading the Vietnamese revolution from 1930 to the present, thereby, by affirming the successes, listing the limitations and summarizing experience of the Party’s leadership in revolutionary practices.<br>In addition to the introductory chapter, the course content includes three chapters:<br>- Chapter 1: The Communist Party of Vietnam was founded and led the rise to power (1930-1945);<br>- Chapter II: The Party led two resistance wars, completing national liberation and reunion (1945 - 1975);<br>- Chapter III: The Party led the national transition to socialism and carrying out the Doi moi (1975-2018).<br>Phương pháp dạy học: Thuyết giảng và kết hợp trình chiếu các slide bài giảng. Hướng dẫn, giao bài tập đề tài theo nhóm. Tổ chức và hướng dẫn sinh viên thảo luận nhóm.<br>Content of the course:<br>Teaching method: Giving lectures and slide presentations. Guiding and assigning groupwork assignments. Organizing and guiding students to discuss in groups.','Sinh viên phải tham gia hơn 80% thời gian môn học. Phải có giáo trình lịch sử Đảng Cộng sản Việt Nam, dành cho sinh viên bậc đại học hệ không chuyên lý luận chính trị của Bộ Giáo dục và Đào tạo. Chỉ sử dụng máy tính xách tay trong lớp cho mục đích học tập.Thực hiện đầy đủ các yêu cầu của giảng viên khi học trên lớp cũng như các chủ đề sinh viên tự chuẩn bị trước khi đến lớp.<br>Attend more than 80% of class hours. Own History of CPV textbook for non-politics majored students as promulgated by the Ministry of Education and Training. Use their own laptop in class only for learning purpose. Fulfill tasks given by the instructor in class as well as topics needed to prepare in advance.','Internet, pdf reader',1,1,'2022-12-22','1)Progress test + Assignments: 70%<br>- Participation: 10%<br>- 02 Progress tests: 30% (2x15%)<br>- 1 Assignment: 30 %<br>2) Final Exam: 30%<br>3) Final result: 100%<br>4) Completion Criteria: Every on-going assessment component > 0, Final Result >=5 & Final Exam Score >=4',5),(38,3,'PRO192','1095/QĐ-ĐHFPT','Object-Oriented Programming','Lập trình hướng đối tượng','Bachelor','Study hour (150h) = 45h contact hours 1h final exam 104h self-study','-This subject introduces the student to object-oriented programming. The student learns to build reusable objects, encapsulate data and logic within a class, inherit one class from another and implement polymorphism.<br>- Compose technical documentation of a Java program using internal comments.<br>- Adhere to object-oriented programming principles including encapsulation, polymorphism and inheritance when writing program code.<br>- Trace the execution of Java program logic to determine what a program does or to validate the correctness of a program.<br>','- Students must attend at least 80% of contact slots in order to be accepted to the final examination.<br>- Student is responsible to do all exercises given by instructor in class or at home and submit on time.<br>- Use laptop in class only for learning purpose<br>- Promptly access to the FU CMS at http://cms.fpt.edu.vn for up-to-date course information.<br>','Text Book, NetBean x.x, Internet',1,1,'2022-12-22','',5);
/*!40000 ALTER TABLE `syllabus` ENABLE KEYS */;
UNLOCK TABLES;
/*!40103 SET TIME_ZONE=@OLD_TIME_ZONE */;

/*!40101 SET SQL_MODE=@OLD_SQL_MODE */;
/*!40014 SET FOREIGN_KEY_CHECKS=@OLD_FOREIGN_KEY_CHECKS */;
/*!40014 SET UNIQUE_CHECKS=@OLD_UNIQUE_CHECKS */;
/*!40101 SET CHARACTER_SET_CLIENT=@OLD_CHARACTER_SET_CLIENT */;
/*!40101 SET CHARACTER_SET_RESULTS=@OLD_CHARACTER_SET_RESULTS */;
/*!40101 SET COLLATION_CONNECTION=@OLD_COLLATION_CONNECTION */;
/*!40111 SET SQL_NOTES=@OLD_SQL_NOTES */;

-- Dump completed on 2023-04-16 10:40:40
